Feature,Skewness,Kurtosis,Shapiro_P,Is_Normal
acetaldehyde,-2.301381471303909,11.177243420858339,6.347994735484295e-15,False
CS2,1.969487864592614,2.1336733754602712,1.1228173745489482e-26,False
DES,-1.3474298342766664,1.1112080278709917,2.740590084528283e-16,False
DMS,-0.04303069078221389,1.3260606472737337,0.0371762190298874,False
ethyl_2.methyl_butyrate,0.06238268722720796,-1.1179553786121157,5.143415531263811e-13,False
ethyl_acetate,-2.7985876022618896,12.316148465898417,2.2640264405994574e-18,False
ethyl_decanoate,-0.7793705599502276,0.5069495919405242,8.650048450232619e-07,False
ethyl_hexanoate,-1.9487456271700854,6.901728476696716,2.881078381902151e-14,False
ethyl_isovalerate,-0.4795055874903572,-1.4649649127270208,1.0273311203757445e-17,False
ethyl_octanoate,-1.5022072208151565,3.1601833170337152,2.4167100412425518e-12,False
ethyl_propionate,-0.8087498489916641,1.4900090096438388,5.8218542891397846e-08,False
H2S,-3.3811985609380693,12.085769604329629,3.7585350536385e-24,False
isoamyl_alcohol,-4.046371109508906,21.639768251473868,5.396683447478922e-23,False
isobutanol,-3.5023041288570402,14.150579924711543,2.5307323298288574e-23,False
isobutyl_acetate,-1.747776063130275,3.5522629754500756,2.3966693554084415e-15,False
isopentyl_acetate,-0.8525223044515321,0.3149696515347271,2.2679639794250972e-08,False
MeSH,-1.454295358685354,7.63967614564927,2.797825268244441e-10,False
octyl_acetate,0.05208372215047852,-1.700994413734074,3.5955123951923893e-17,False
phenethyl_acetate,-0.7467116015431697,0.8778180161910591,2.8047712698865054e-05,False
phenethyl_alcohol,-0.5768007634250166,0.18691790990212676,2.961158692131202e-07,False
X4VG,1.1026030946278889,-0.4031681968905856,7.432105243986622e-22,False
SO2.mg.L.,-0.529034176740308,2.6207351008361095,2.4693414368002102e-05,False
acetic_acid.g.L.,0.34925770043730053,0.6259088090760327,0.005162529112845847,False
ammonia.mg.L.,-0.8839110660455386,1.5573652479171893,1.9490841075851186e-07,False
color.EBC.,0.3117325348992622,-0.999076135427222,1.1044702490330617e-07,False
betaglucan.mg.L.,-1.625561670398209,2.522857548579077,1.0229547647913072e-15,False
lactic_acid.mg.L.,1.4847317705582967,1.6074003303361635,3.280938890371166e-17,False
glycerol,-2.2380633341338805,11.510515421621804,1.574036637858358e-14,False
iron,-0.04392277626621869,0.8951497476493762,0.0471585892974469,False
pH,-0.22477376529607568,0.9011556028033763,1.7724056369973476e-05,False
protein.g.L.,-1.0319426078278295,8.896870491855683,1.4555892904329596e-10,False
bitterness,-2.127382805855911,6.896260270854151,5.119129737725667e-16,False
GFS,0.5463640151422056,0.00767995700939661,1.4623156867796704e-06,False
ethanol..v.v.,-5.225577332758046,33.343504804595,7.330892000266573e-26,False
CO2.PSI.,-1.2571999866785066,0.45928539248144196,3.2528979500539245e-17,False
unfermentables,-1.7042686706879964,3.5276161316300017,4.975422231533187e-15,False
kcalperc,-1.5783076285839353,8.771074068299342,8.03374801909112e-11,False
X1.propanol,-4.321477930131281,21.04038720379404,2.1596717134908096e-25,False
X2.3.butanedione,6.697521208367518,45.49316438924344,1.2115476922666945e-31,False
X3.methylbutanal,11.838240436446654,145.5852964314787,6.5629607456229e-33,False
propylene.glycol,-0.8447024804379241,-1.1643866328879113,1.1727845638242326e-20,False
propyl.acetate,-3.238538286066887,9.387844520024721,2.2825363662726185e-26,False
n.pentanol,-1.2098738089920793,3.9816829901910435,1.0823466022194101e-08,False
X2.methyl.1.butanol,-1.2723255031080036,7.299649432885616,8.45262247154911e-11,False
isopentyl.formate,-1.5667957640093815,9.43482239366473,6.969195778682949e-12,False
ethyl.isobutyrate,2.516255821391611,7.036987425237223,1.166009561915813e-21,False
X3.methyl.2.butenal,0.25835583483555835,0.8085089971816637,0.17721302674557482,True
X2.methyltetrahydrofuran.3.one,15.810097536078368,249.9725939532743,1.5790974916226338e-33,False
ethyl.butyrate,5.857535884461063,41.574011198709805,2.835471622185806e-27,False
butyl.acetate,-2.102181079859904,4.8717455504949605,6.361038920042991e-20,False
methylpyrazine,9.980045923600679,105.45582676822362,2.5276039013741063e-32,False
furfural,8.669198851015043,89.66569169090239,1.0179701475541946e-30,False
ethyl.lactate,1.4229312080082928,0.13273827652866776,4.450730220681257e-25,False
X3Z.hexenol,7.707893979873762,60.923831571278754,1.0452234240871583e-31,False
n.hexanol,6.279081014334116,48.52761001763854,2.902320802721689e-27,False
styrene,7.068140960232583,57.73190803895797,1.2819190983938534e-29,False
X2.furanmethanol,-4.283792234089429,31.91792563081227,1.4937356678674533e-23,False
X3.methyl.2.hexanol,0.22430487782608707,0.3600226380822238,0.1717884869708156,True
X3.furanmethanol,0.8292748650262953,0.4078118065560745,1.243552023792602e-07,False
X2.acetylfuran,-4.751634102881719,33.572051671334634,4.6448939094232404e-23,False
X2.6.dimethyl.pyrazine,-0.43809079895330433,-1.7171285091977535,6.498525276880367e-20,False
amyl.acetate,2.414639067136247,9.95953535040371,6.460284378521538e-19,False
ethyl.tiglate,-3.4006103214083416,11.290101970407113,2.3177804452489947e-25,False
benzaldehyde,5.7971992514582285,36.28499591755526,6.94174182344611e-30,False
X5.methylfurfural,8.90593015129558,98.57719550479517,7.491353820551108e-30,False
n.heptanol,0.17839946719541785,0.6504648226015184,0.14444928898898474,True
X1.octen.3.ol,-4.378834348102748,26.671243812107875,4.290715123190862e-23,False
X3.methylthio.propanol,-2.5506721564287296,4.669936920121316,5.4019096978056716e-27,False
isomaltol,-2.2103199443222654,3.348644149032572,1.539312828996049e-24,False
X6.methyl.5.hepten.2.one,1.963609552338373,1.8970577404502182,2.950020538473283e-27,False
X2.pentyl.furan,-1.5614678001374724,0.5180558805382627,2.6986460362346034e-24,False
ethyl.hex..3E..enoate,-0.8924906556599526,2.337281503631019,2.2687699577473324e-07,False
alpha.phellandrene,0.268509130631893,-1.8598549778872624,1.1005833828888892e-20,False
dehydroxy.cis.linalool.oxide,-0.22794590235543483,-1.8155108422902222,5.081939315646852e-20,False
hexyl.acetate,11.217745138691189,141.84662911568174,8.494622278667629e-32,False
isopentyl.butanoate,-0.7493782376025536,-1.1460933283556443,8.643802008319143e-19,False
X2.ethyl.1.hexanol,-0.9253653945192052,-1.0956827904899247,3.5679086920344556e-22,False
beta.phellandrene,-0.1567400041855277,-1.8314272439982502,7.058312026663233e-19,False
limonene,1.993693044598443,2.0820541055350223,4.0356192055091406e-27,False
eucalyptol,0.30654301240111725,-1.8469368710178866,4.633606539245366e-21,False
benzyl.alcohol,5.01829854063995,28.28632495440968,6.495673251417591e-29,False
ethyl.hex..2E..enoate,-1.2244650727379922,-0.37247749439623146,2.5724559913361837e-22,False
phenylacetaldehyde,5.59055713581315,38.51542746761714,9.90704798422242e-27,False
X.E..beta.ocimene,8.699673813205825,89.89542765810555,9.759433926439144e-31,False
prenyl.isobutyrate,-3.5643880856577645,24.09688495304683,9.111661312433708e-21,False
ethyl.furoate,-1.2419138119406696,-0.1360857855671802,1.5571683987269695e-20,False
ortho.cresol,-6.201707822555482,55.402541674608216,5.448252041482404e-25,False
ethyl.5.methylhexanoate,-6.203301799369887,54.9080661353284,1.0239373872960544e-24,False
X2.acetylpyrrole,-5.821473229291091,43.73890821979509,1.5712188255639994e-25,False
isoamyl.lactate,-2.6791335506856933,6.448520257780105,6.76866772237846e-24,False
n.octanol,-1.7993924325931188,5.887822557834996,7.614250475232286e-14,False
cis.linalool.oxide,-0.0014067849628504976,-1.9111097516279232,9.23676103742023e-20,False
meta.cymenene,1.367333796689615,-0.06977074449452525,4.0749067315182645e-25,False
terpinolene,0.3692535308025165,0.08805978367188283,0.015143369036768153,False
linalool,3.739486717232004,16.408605555999177,2.1279282357208e-26,False
nonan.2.ol,-0.5649303531819849,0.6799829770125254,0.00012706147003926495,False
n.nonanal,-0.29181122971792195,-1.7517629939891814,4.926029720658984e-19,False
X2.methyl.benzofuran,-1.9794149999959685,3.252473399259588,1.2704555056221908e-20,False
heptyl.acetate,-1.287544334406183,-0.1102140563480094,2.16532644651193e-21,False
X4.methyl.1.pentanol,-6.57671564201628,46.72448667566681,1.0202073926644375e-28,False
neo.allo.ocimene,-1.107847497545033,-0.7048630823652058,6.358112044638973e-23,False
x.methyl.1.octanol,-2.853266658604919,6.545597627396255,1.0291423486466037e-26,False
trans.dihydro.beta.terpineol,-0.6494334046755137,-1.5177632046489278,4.7944336727488266e-21,False
cis.beta.terpineol,0.6385456027169568,-1.521425801766578,4.846047833484776e-22,False
y.methyl.1.octanol,0.46408664996163473,-1.7719124299530924,3.863983684416947e-22,False
camphor,-1.2731685154452868,0.4008056634792361,2.314183908285559e-19,False
isobutyl.hexanoate,-4.97806959779527,27.425049244725663,7.955387209790605e-27,False
nerol.oxide,-3.5579470199664827,13.206469910032638,5.585009507066319e-25,False
X.E..2.nonenal,9.840962157897376,104.21564292173642,1.8603889075689307e-32,False
cis.dihydro.beta.terpineol,1.6197544938567192,0.6518026276122475,3.034736472654115e-26,False
X4.ethyl.phenol,-1.5135842435802869,5.014907261364499,1.2050430484904833e-16,False
isoborneol,0.051285651872441496,-0.511508317599239,0.2405032099642883,True
ethyl.benzoate,-0.3230216855878105,3.811560277041416,1.7858993922930856e-11,False
n.nonanol,-4.967383296924482,25.51328975673466,7.9042948621008e-28,False
terpinen.4.ol,-3.2098384424524737,17.95279249884673,1.1983981493536472e-19,False
diethyl.succinate,1.9517994451718113,3.4868926538889222,8.0340680116389e-20,False
vinyl.caprylate,-3.9384300654108055,19.538461399483054,2.2802529249551582e-23,False
X1.alpha.terpineol,5.0687438062582695,38.74794459173572,8.622406842003001e-25,False
ethyl..E..linalool,-5.006043383073428,55.95629445982104,6.012018047821359e-21,False
ethyl.nicotinate,2.667974136393602,8.684965889957915,1.338160652290997e-21,False
citronellol,5.6693659791544295,44.01522801062937,7.03194114676675e-27,False
nerol,-3.525504751415362,17.413275865893258,4.380444146883551e-22,False
hydroxy.methyl.furfural,-2.8426753456975726,27.92297794221051,8.819710352407438e-17,False
E.ocimenone,-5.84574490566995,50.332154429990105,2.5148010891680167e-24,False
cumin.aldehyde,-4.367822672227403,25.30427974449753,2.1693351531870676e-24,False
ethyl.phenylacetate,-6.186238368507841,68.51579536891701,6.54174772839588e-23,False
isopentyl.hexanoate,-1.9302110619681123,2.372878084425467,4.1752638857941535e-22,False
geraniol,2.3296548615290935,6.054602173758536,2.019732565384052e-20,False
beta.cyclohomocitral,-5.0790904651051525,29.237585870727138,8.449319354381756e-27,False
E.cinnamaldehyde,-1.394072182373763,0.4162539527280802,1.9051811581785344e-20,False
n.decanol,-5.769557966513382,33.47178688316146,1.6919867282152475e-29,False
neryl.formate,-1.0883281738839343,-0.15260920849863746,9.147859166835962e-18,False
X4.ethyl.guaiacol,-0.22517094145175498,2.3679606991398914,3.6092163201865786e-11,False
X2.undecanone,-1.1177698789688693,-0.5797589247044663,1.9130000739457175e-21,False
trans.dihydro.alpha.terpinyl.acetate,-0.26384808374583013,-0.14522600452479706,0.21691462117493826,True
terpinen.4.ol.acetate,-2.082840677374108,3.473676700158896,2.1121099560936718e-21,False
X2.undecanol,-2.571987407043846,5.606398251076804,5.987090905476696e-24,False
delta.terpinyl.acetate,-4.323076348973061,22.574515406917335,1.1179314518752326e-24,False
X.E.E..2.4.decadienal,6.293429354484571,42.39788974483884,2.3461798040997727e-30,False
methyl.geranate,-2.9229446098796146,11.003715078207348,5.49992679634782e-21,False
car.3.en.2.one,-3.643849560629366,14.840297119743479,3.969282128243023e-24,False
dimethoxy..E..citral,-1.0126796036174943,-0.8479882871571403,2.630075333766856e-21,False
X2.butyloctanoate,-1.7121546950618163,1.5645452794154129,4.495445901721699e-21,False
X4.methoxysalicylaldehyde,-3.1339212006844193,10.992092820741266,7.142262161497947e-23,False
ethyl.hydrocinnamate,-5.218312298055493,37.46141710346478,2.3965130435600466e-24,False
eugenol,8.57366148873554,86.8708048196539,2.5375438460255093e-31,False
gamma.nonalactone,10.289410221532748,123.21628351078095,1.6538058649605155e-32,False
methyl.para.anisate,-2.2519710643688993,4.323202668725024,9.052162345307115e-22,False
X.E..beta.damascenone,15.792964965554063,249.6066541344032,1.759846284702638e-33,False
ethyl..9..decenoate,-5.267790729295198,31.686438746858094,1.4145218957946474e-26,False
vanillin,-2.161716075011357,4.2353198388976505,2.825803270100074e-21,False
geosmin,0.26398343355197035,-1.8461849892428834,1.7924817568328364e-20,False
dodecanal,-3.0293480851866113,8.258445309046268,2.118566089467731e-25,False
X4.8.alpha.epoxy.caryophyllane,-0.9502045562531509,-0.9787699411859494,2.6997984022193355e-21,False
E.caryophyllene,13.325005236982097,193.7201642743851,9.966142388927985e-33,False
X.E..alpha.ionone,-1.230144017422749,9.648863160834868,3.452917710083347e-19,False
perillyl.acetate,-2.727297591805571,23.950725792360785,3.131043549191349e-16,False
beta.humulene,0.9975794292713175,-0.9121092697685782,1.852488959558133e-23,False
X2.phenyl.ethyl.butyrate,-3.618226411120938,16.701453455580292,5.338257618500775e-23,False
X.Z..beta.farnesene,-2.980614491739581,8.37062762415413,1.5632305588633163e-24,False
pentyl.octanoate,-2.272450257521337,3.990856119995293,3.5218816149617896e-23,False
X.E..beta.farnesene,-0.7642662716135399,-1.354605780580591,2.5355668358280096e-21,False
X2.methylbutyl.octanoate,-2.8839733212534107,8.492045317296697,5.77708593402566e-23,False
alpha.humulene,9.295019698952839,90.22114741982948,2.5557843419229524e-32,False
neryl.propanoate,-5.372798333476459,30.432089517498746,4.966182456693886e-28,False
X9.epi..E..caryophyllene,-4.158603652088169,17.08146207089418,3.046289314319138e-27,False
ethyl..E..cinnamate,-4.529926147372512,23.979209006111578,2.3568999137787126e-25,False
linalool.isovalerate,-1.8437340877474055,1.918302516941956,2.521262697558523e-23,False
alpha.terpinyl.isobutanoate,-4.119720192724417,18.340957707235233,1.4216187865438783e-25,False
n.dodecanol,-5.249775360484062,27.629136358723365,6.292115650664511e-29,False
germacrene.D,-2.534957404214685,5.6322984248949375,1.2530096019136054e-23,False
X.E..beta.ionone,2.217844687242787,7.453851059192557,1.6849925003377995e-16,False
valencene,0.7903349481921709,-1.3646235120597436,2.479903761332653e-23,False
neryl.isobutanoate,-2.7317873912617476,6.31584227336568,7.97263926033354e-25,False
E.methyl.isoeugenol,-0.42077705518032893,-1.7617197103528766,2.074709899796934e-20,False
X.Z..dihydro.apofarnesal,-1.1556147220608513,-0.5681085873597858,2.464463849302286e-22,False
butylated.hydroxytoluene,-0.45976150751013717,-1.6667891188256694,1.6271427925479478e-19,False
X.E..dihydro.apofarnesal,-0.34009953993913805,-1.7961805072088102,6.307303319695338e-20,False
Z.nerolidol,6.503123824558944,43.43555837652781,1.9162077014502147e-31,False
X.E..ortho.methoxy.cinnamaldehyde,-0.9217171356552838,-1.029921200902384,5.350179954845885e-21,False
alpha.calacorene,-5.8192100441115695,50.482562213260195,3.800411328191196e-24,False
E.nerolidol,-4.6753189157724595,22.182014408397684,1.0732429777670979e-27,False
dihydroisocaryophyllene.epoxide,-4.850269083651188,26.141250752048595,2.0456242619918848e-26,False
caryophyllene.alcohol,-5.760119781052475,38.69136462285927,8.076486129419914e-27,False
neryl.isovalerate,-3.0075412027998776,8.254479996041045,2.166815643044542e-25,False
spathulenol,-0.8119980764170052,-1.2581235195772245,4.043757595811357e-21,False
caryophyllene.oxide,-1.2655009456303714,-0.14440346252574487,4.2271004123866115e-21,False
humulene.epoxide.II,-2.687380685693813,6.569299114328151,1.6939401536608032e-23,False
alloaromadendrene.epoxide,-2.8218093163883555,7.098414614774072,1.8702621870615185e-24,False
X1.10.di.epi.cubenol,-3.136463634178744,10.530360775248917,3.6984690718603837e-23,False
isopropyl.laurate,-5.023017269544297,41.735483256350726,9.556972302815015e-23,False
caryophylla.4.12..8.13..dien.5.alpha.ol,-1.0504631786165024,-0.7189402921369541,7.721401414258802e-21,False
gamma.eudesmol,0.3434662255702069,-1.5402541101273717,4.9478871244987305e-18,False
alpha.muurolol,-1.6715144856315822,0.9345083172892275,5.091726981228634e-24,False
X1.2.dihydro.8.hydroxy..2E..linalool,-0.8864518849213051,-1.143103320148612,1.3688381892340798e-21,False
tau.cadinol,-2.078411383241906,4.0162402930768,4.220207976551757e-20,False
selin.11.en.4.alpha.ol,0.026995417937634072,-1.9399631950905931,2.847603965252003e-20,False
alpha.eudesmol,-0.5037376495820624,-1.540564678483204,1.4721720964778859e-18,False
X14.hydroxy.9.epi..E..caryophyllene,-2.3452430704296727,4.034655552760428,2.0926894960421825e-24,False
tau.muurolol,-1.3257047811264242,-0.1442754727750306,4.9892736550955385e-23,False
n.tetradecanol,-1.8198606683234777,1.6205060893145355,2.4322681580331926e-23,False
foeniculin,0.4982397568917207,-1.692633665493559,1.5101539135468184e-21,False
cadalene,-4.8197947870967,26.170284646693382,2.705472766430679e-26,False
X2.3.dihydro.farnesol,-3.325315356648155,10.794337381071022,4.1108128535766582e-25,False
X2E.6Z.farnesal,-0.6575917383697873,-1.4368332761657372,5.991284917290229e-20,False
caryophyllene.acetate,-0.19545959806206156,-1.9077764270855844,2.3645548684861948e-20,False
X14.hydroxy.alpha.humulene,-0.7596100457799972,-1.3797072082458497,1.0449837507203118e-21,False
X2Z.6E.farnesal,-0.40210402876231033,-1.7940633619517896,9.984884133439103e-21,False
X2Z.6Z.farnesol,-0.5838014644030399,-1.6172812364093634,3.6289093140073675e-21,False
X2Z.6E.farnesol,-1.729708833639135,1.4666096194204443,6.302893561199628e-22,False
ambroxide,-3.2154891940825507,9.352170897183067,3.8646688486567997e-26,False
benzyl.benzoate,-3.3729363210986083,10.703209666319841,6.677095763504524e-26,False
X2E.6E.methyl.farnesoate,-0.7270810507992178,-1.3834100193249674,9.636838746595254e-21,False
ethyl.tetradecanoate,-3.1588070125641834,9.304065932311048,2.903186007209292e-25,False
X2.ethylhexylsalicylate,-0.657133909513405,-1.4013556938996703,2.276686034127633e-19,False
isopropyl.tetradecanoate,-2.369808159815733,4.1390035986008105,1.3365037614640929e-24,False
ethyl.pentadecanoate,-1.6723034877358784,1.2080873670009153,4.764289383615121e-22,False
methyl.hexadecanoate,-2.4454136464814287,4.646517542331427,2.630832309039654e-24,False
Z.Z.geranyl.linalool,-2.0174844455804286,2.6538432417472966,9.017625758233056e-23,False
ethyl.hexadecanoate,-1.3462507436907254,-0.12183299290547867,1.363214635352748e-23,False
manool.oxide,-3.338458087738218,14.373972723796715,1.1448365444490848e-21,False
X13.epi.manool.oxide,-1.6703827226640264,1.13528040685036,1.5905138184844898e-22,False
isopropyl.hexadecanoate,0.29625575306364615,-1.9003358933127148,1.0625556915944878e-21,False
manool,-3.882235219281849,14.779250244463562,1.1752684015600536e-26,False
ethyl.octadecanoate,-2.487881312691041,5.12527250552448,1.02392678692942e-23,False
ethyl.pentanoate,9.236253906741302,86.9909694464912,5.015139873362049e-32,False
X2.ethyl.3.methylpyrazine,6.039655508573458,38.40752074328526,1.9152119884113193e-30,False
esters_sum,-1.4329353326387022,3.9383199179867225,2.7241592858785903e-11,False
aroma_hops_sum,0.6283848491026975,0.17104840758301743,1.0735741356105436e-05,False
acids_sum,0.6817503286224655,1.3846041410993348,1.1020037045799895e-09,False
sulfur_sum,-0.5279106897725085,1.6255889858161683,7.10727288807617e-05,False
