target,target_index_1based,pc_index_1based_kept,pc_index_1based_full,eigenvalue,evr,evr_percent,coef,intercept,train_rmse,train_r2,train_accuracy,test_rmse,test_r2,test_accuracy
F_hops_woody,25,2,2,18.993376531507604,0.08175256688886388,8.175256688886389,0.026887465360961725,-0.007243182645714274,0.46244864007882924,0.06000814248310715,0.24496559448850566,0.4042356131476119,0.12691790660587177,0.37227921026450767
F_hops_woody,25,121,121,0.14879044304209832,0.0006404338179177515,0.06404338179177514,0.21774052968043175,-0.007243182645714364,0.46957138901382117,0.030829172300540497,0.1755823803818033,0.4130596603345115,0.08838491340187837,0.29787673287255045
F_hops_woody,25,72,72,0.595701772926808,0.002564059579202587,0.2564059579202587,-0.03380641279189282,-0.007243182645714301,0.4762713010367386,0.0029753314354574734,0.05454659875241831,0.4287527425092351,0.01780038690044372,0.16001937384305764
F_hops_woody,25,10,10,4.832061176185845,0.020798482242580997,2.0798482242581,-0.004484003207703185,-0.007243182645714293,0.4768801463762698,0.00042459270787098546,0.0206056474751664,0.42977487437953965,0.01311174422015371,0.16526516271473013
F_hops_woody,25,132,132,0.0994625974571709,0.00042811359202344425,0.042811359202344426,-0.015017032525602061,-0.007243182645714289,0.47695803994733244,9.802487955457018e-05,0.009900751464135726,0.4304068739760088,0.01020709989149815,0.12842634294999594
F_hops_woody,25,13,13,3.6372389055710395,0.015655647979452337,1.5655647979452336,0.02036418120996532,-0.007243182645714269,0.47540669991662676,0.006591951625136261,0.08119083461288001,0.43086767607531695,0.008086581712298258,0.11771878612791485
F_hops_woody,25,40,40,1.318496380950985,0.0056751606749652775,0.5675160674965277,0.009642128726293692,-0.0072431826457142875,0.4768536385939688,0.000535714091620898,0.02314549830141412,0.43108896622085024,0.007067442687667125,0.1070384328955407
F_hops_woody,25,61,61,0.7706106365714271,0.0033169140572276634,0.33169140572276634,-0.001438427801789475,-0.007243182645714293,0.4769797566940291,6.968180855881911e-06,0.0026397312089960373,0.43171900049823503,0.004162990301371905,0.08919992651865617
F_hops_woody,25,135,135,0.08574241440702901,0.00036905825867218417,0.03690582586721842,0.010509251924544305,-0.007243182645714304,0.47697154839790645,4.138544147624934e-05,0.006433151752914082,0.4317836773358056,0.0038645905877862097,0.11402066316884081
F_hops_woody,25,60,60,0.7889342692592156,0.0033957838676834506,0.33957838676834506,0.008684140573925936,-0.0072431826457142945,0.4769194027236906,0.0002600176260698639,0.016125062048553233,0.4317989392089619,0.0037941703206729738,0.08451751768525306
F_hops_woody,25,1,1,33.276548823089044,0.14323115634427935,14.323115634427936,0.0025209289140201915,-0.007243182645714297,0.47676095357037895,0.0009242038115280238,0.030400720575801607,0.43190968442600786,0.003283102929977577,0.09307656210343408
F_hops_woody,25,110,110,0.2193434475927778,0.0009441127985440527,0.09441127985440527,0.00956913537986643,-0.007243182645714297,0.47696048420027043,8.77765163944666e-05,0.00936891223110496,0.4323610249909557,0.0011988995318154005,0.07733125050769629
F_hops_woody,25,28,28,1.9355425295858428,0.00833109214960882,0.833109214960882,-0.0019945063896380007,-0.0072431826457142945,0.47697339332272326,3.364975142117199e-05,0.005800840578832004,0.4324517946311773,0.0007794799822120613,0.06244228184694523
F_hops_woody,25,51,51,0.9645910051163866,0.0041518573875139455,0.41518573875139453,0.002619967117678376,-0.007243182645714294,0.4769745174520045,2.8936311238014767e-05,0.005379248203776137,0.43246101787258073,0.0007368571952802716,0.08487565478075709
F_hops_woody,25,3,3,13.545194736908474,0.05830213690097895,5.830213690097895,0.00044571885146213176,-0.007243182645714294,0.47697861383128,1.176022244775421e-05,0.0034293180732406434,0.43264458513135673,-0.00011163975191408326,0.062417978972445
F_hops_woody,25,97,97,0.3149723405638439,0.0013557251022414056,0.13557251022414055,0.0053955933577132026,-0.00724318264571429,0.4769718612495696,4.007367007474727e-05,0.006330376771935221,0.4326512179511804,-0.0001423051589806157,0.05341431702005673
F_hops_woody,25,42,42,1.255720404848894,0.005404956102503587,0.5404956102503587,-0.001350136067943318,-0.007243182645714294,0.4769790327717477,1.0003599770103122e-05,0.0031628467825544925,0.4326911517716989,-0.00032694047196879517,0.07655095114524438
F_hops_woody,25,58,58,0.8337089469250283,0.0035885060424231266,0.3588506042423127,-0.011980889390625674,-0.00724318264571429,0.4768566718284104,0.0005229989988053685,0.02286917136244911,0.43275038791517634,-0.0006008520877565093,0.10961425752394426
F_hops_woody,25,35,35,1.49915077242777,0.006452745439763313,0.6452745439763313,0.014411496753865983,-0.007243182645714308,0.4766567867527336,0.0013607293968717071,0.03688806577839783,0.43305236639737293,-0.001997802202530652,0.09702893043844092
F_hops_woody,25,93,93,0.3431824800366267,0.0014771490791929012,0.14771490791929012,-0.00015721760933699953,-0.007243182645714294,0.47698140970219977,3.707112505857424e-08,0.00019253863174458697,0.4330639644811057,-0.002051474279780363,0.096821281028902
F_hops_woody,25,18,18,2.811988572614195,0.012103550071363508,1.210355007136351,6.027849627547167e-05,-0.007243182645714294,0.4769814078940909,4.465258962582652e-08,0.00021131159320202656,0.43309429454578446,-0.002191838534468582,-0.05041024544770936
F_hops_woody,25,31,31,1.7669514553930887,0.007605431125254109,0.760543112525411,0.002543620776932355,-0.007243182645714293,0.47696950298179924,4.996174787463836e-05,0.007068362460601467,0.4331261022495333,-0.002339051702992201,0.006539538299985189
F_hops_woody,25,7,7,6.841401450017579,0.029447219599333545,2.9447219599333545,0.0039356546188635995,-0.00724318264571429,0.4768709575187384,0.0004631133617007954,0.021520068812634525,0.4331279588730613,-0.002347644905966506,0.06825028092431283
F_hops_woody,25,90,90,0.37729773726772353,0.001623990260595767,0.1623990260595767,-0.0010125821239881385,-0.007243182645714293,0.4769810153394973,1.6906472048994203e-06,0.0013002489011382384,0.433208485289516,-0.0027203891053353413,-0.06519247104492508
F_hops_woody,25,82,82,0.46528172948362084,0.0020026968690204086,0.20026968690204086,0.01322400723870056,-0.007243182645714299,0.4768966059170175,0.00035559073241853145,0.01885711357600633,0.4332803267794112,-0.003052990623079621,0.05294855156582556
F_hops_woody,25,134,134,0.09004704839363732,0.0003875865533826318,0.03875865533826318,0.004001773447807875,-0.007243182645714293,0.47697991555742053,6.302063232599409e-06,0.002510391051685801,0.43328337525231647,-0.0030671052294093393,0.08615100968229686
F_hops_woody,25,66,66,0.6772016658621743,0.0029148568920227165,0.29148568920227164,-0.008364611252538495,-0.007243182645714294,0.47693203164307685,0.00020707030315880726,0.014389937566184719,0.43367944190451957,-0.004901761399231708,0.005024992800079929
F_hops_woody,25,65,65,0.688020226856627,0.0029614228688448502,0.296142286884485,-0.000872192684729448,-0.007243182645714294,0.4769808730290971,2.2873591654093417e-06,0.0015124017869810559,0.43369290934590116,-0.004964174621494566,-0.07561910306675228
F_hops_woody,25,150,150,0.04610350886314025,0.00019844181922539026,0.019844181922539027,-0.009827490474741546,-0.0072431826457143005,0.4769767776551958,1.9459313781666765e-05,0.0044112712205479,0.43370362547147057,-0.005013838589272845,0.06698076915677482
F_hops_woody,25,83,83,0.45547229144159773,0.001960474426984242,0.1960474426984242,-0.01716390637824253,-0.007243182645714295,0.4768415443284555,0.0005864115475171516,0.024215935817493265,0.4337813324565804,-0.005374008931942287,0.07573065485190449
F_hops_woody,25,37,37,1.4348816047509763,0.006176113771840935,0.6176113771840935,-0.049911957329363696,-0.007243182645714297,0.4732410778506377,0.015621889032435221,0.12498755551027932,0.43382065269719305,-0.005556282057379125,0.06172423351060197
F_hops_woody,25,22,22,2.3276533586627237,0.010018841914837696,1.0018841914837695,-0.0016194159556457417,-0.007243182645714293,0.47697505619016417,2.6677394440177693e-05,0.005165016402666223,0.43394867787314684,-0.006149870743913155,-0.09788529969573324
F_hops_woody,25,38,38,1.4046655562384334,0.0060460558264808254,0.6046055826480825,0.011460131886171098,-0.0072431826457143005,0.47678910074890124,0.0008062327625334431,0.02839423819251756,0.43416331188046914,-0.007145414207469836,0.0773396169100725
F_hops_woody,25,100,100,0.28021897028297404,0.0012061373117931349,0.12061373117931348,-0.03275662682308904,-0.007243182645714268,0.4766679323912544,0.0013140266003784928,0.036249504829426196,0.43422709509555346,-0.007441356722704295,0.001489168875062251
F_hops_woody,25,119,119,0.15928142335834425,0.0006855897999839676,0.06855897999839676,0.022922019975386076,-0.007243182645714301,0.47689418362472363,0.00036574565811753335,0.0191244779828675,0.4344140868714471,-0.008309215096313327,0.017109927294481544
F_hops_woody,25,127,127,0.124974966355452,0.0005379256436820938,0.05379256436820938,0.003493497988312263,-0.0072431826457142945,0.47697982880921747,6.6658003446962155e-06,0.0025818211294599386,0.4346430166263729,-0.009372223000466251,-0.07655530802031263
F_hops_woody,25,39,39,1.3819623178331806,0.005948335022955433,0.5948335022955432,0.01808383419723095,-0.007243182645714294,0.47651014660748614,0.001975083733338101,0.04444191415024582,0.4351911881444419,-0.011919867845356036,-0.0763008683606305
F_hops_woody,25,27,27,1.938381789063368,0.008343313080940655,0.8343313080940655,0.004442322655812409,-0.007243182645714294,0.47694154751707607,0.00016717363937857055,0.012929564547124288,0.4355220545013,-0.01345913391363962,-0.11181727772312033
F_hops_woody,25,149,149,0.047843986858062536,0.00020593330150409103,0.020593330150409102,0.02024632274726957,-0.007243182645714295,0.47696097723339387,8.570930069073945e-05,0.009257931771762647,0.4355878030709969,-0.01376515064676842,-0.1947551050665066
F_hops_woody,25,147,147,0.050993323175666634,0.0002194888863961903,0.02194888863961903,-0.04392039928096466,-0.007243182645714318,0.47687888350463103,0.0004298868421344082,0.02073371269537493,0.43558968404302184,-0.013773906025095872,-0.044392823802168156
F_hops_woody,25,80,80,0.49253109656412436,0.002119985424914227,0.21199854249142272,0.004694219655225119,-0.007243182645714291,0.4769701063878939,4.743170632981464e-05,0.006887068050314668,0.4356146571326478,-0.013890152085450858,-0.06339862900424345
F_hops_woody,25,62,62,0.7555738382193433,0.003252191659868045,0.3252191659868045,0.017823805523239193,-0.007243182645714295,0.4767311700529463,0.0010490255350057431,0.032388663680455516,0.4357830492529976,-0.01467416662125598,0.095193907653328
F_hops_woody,25,23,23,2.2519267539731596,0.009692894377027327,0.9692894377027327,-0.024725842193617953,-0.007243182645714298,0.4755443054925448,0.006016788211569812,0.07756795866573822,0.43626373909432425,-0.016913870838264122,0.04599258389933669
F_hops_woody,25,50,50,1.0296691782332121,0.004431971230985253,0.4431971230985253,0.03866795725047188,-0.007243182645714294,0.4753740617620508,0.0067283480725370826,0.08202650835270837,0.4363675687234449,-0.017397974123340765,0.11715448906023634
F_hops_woody,25,29,29,1.8456280608235607,0.007944076254379703,0.7944076254379703,-0.025979719685004083,-0.007243182645714283,0.47568129345496724,0.005444040960316476,0.07378374455336445,0.4364555927825234,-0.01780847452881118,-0.0729459445543594
F_hops_woody,25,160,160,0.024200727140449383,0.00010416639511288043,0.010416639511288043,-0.008153571545897062,-0.007243182645714309,0.4769797416528572,7.031248802191747e-06,0.0026516502035530153,0.4367225934406051,-0.019054139196154063,-0.06180413162593474
F_hops_woody,25,86,86,0.41533279370058884,0.001787703304982126,0.1787703304982126,-0.0061020069367973785,-0.007243182645714294,0.47696529989207703,6.758493419656286e-05,0.008221005668175085,0.43673743861909864,-0.019123420236045963,-0.08205440472767507
F_hops_woody,25,95,95,0.3314330796148968,0.0014265765207913924,0.14265765207913925,-0.00870598127094207,-0.007243182645714295,0.4769552353282799,0.00010978413571638423,0.010477792502054108,0.4370620758027898,-0.020639060024488343,-0.11871081300537258
F_hops_woody,25,70,70,0.6176096514738066,0.002658356941408592,0.26583569414085917,-0.010589053056007353,-0.00724318264571429,0.47690923454584977,0.0003026471584812729,0.017396757125428642,0.43816175476915653,-0.025781520816397396,-0.09537799438479208
F_hops_woody,25,56,56,0.8711000307818646,0.003749447256797635,0.3749447256797635,-0.02313052990388187,-0.0072431826457143135,0.47649541409077445,0.0020367957097379152,0.0451308731328975,0.43839550780002384,-0.026876292308275707,-0.0852539214673942
F_hops_woody,25,151,151,0.04404679481995624,0.00018958917250890253,0.018958917250890252,-0.008032698811300894,-0.0072431826457142814,0.47697845631609104,1.242068522699924e-05,0.0035242992533128735,0.44000324368366595,-0.03442186750598886,-0.11441179487108633
F_hops_woody,25,85,85,0.4367459303637133,0.0018798711659439974,0.18798711659439973,-0.03441105174834332,-0.007243182645714289,0.4764420941024244,0.002260128013334528,0.04754080366731618,0.44088469207772857,-0.03857048591040302,-0.022144510182907553
F_hops_woody,25,145,145,0.05839559224245817,0.00025135023006030225,0.025135023006030224,-0.027399318304503536,-0.00724318264571429,0.47693572444321963,0.0001915878045133379,0.013841524645543418,0.4409858942186713,-0.03904733449109865,0.023236937919733955
F_hops_woody,25,36,36,1.4487161870049226,0.006235661509928422,0.6235661509928423,-0.021119416969550938,-0.0072431826457142814,0.47630745898686816,0.002823939837366285,0.05314075495668072,0.4414979591946697,-0.04146178204842199,-0.011776733233882434
F_hops_woody,25,88,88,0.3987069396982124,0.0017161411875693,0.17161411875693,0.11244153429187426,-0.007243182645714281,0.4716981954209033,0.022030055883242694,0.14842525352258154,0.4417896869412913,-0.04283856611233294,0.00012174172523062534
F_hops_woody,25,78,78,0.5116066105971625,0.002202091533553649,0.2202091533553649,0.03306058585066149,-0.007243182645714313,0.4763982386305025,0.0024437991861535613,0.049434797320848274,0.4424365437100921,-0.04589459501894266,0.07000043021458854
F_hops_woody,25,59,59,0.8213598636507362,0.0035353522888120735,0.35353522888120736,0.023869110530575888,-0.007243182645714281,0.47649343193340754,0.002045098480108587,0.04522276506482691,0.44356685573612853,-0.05124540678309675,0.08022213402385397
F_hops_woody,25,34,34,1.580582615961668,0.006803249849779349,0.6803249849779349,0.020300447686995078,-0.007243182645714293,0.4763020310017202,0.0028466672832675455,0.05335416837761932,0.44410086837571916,-0.05377813099610518,-0.03881537347408619
F_hops_woody,25,57,57,0.844587434595947,0.003635329959670866,0.3635329959670866,0.01106178422764255,-0.007243182645714296,0.4768736917406073,0.0004516512946318718,0.02125208918275712,0.44602515405911447,-0.06292994074033698,0.07097821276757209
F_hops_woody,25,54,54,0.9190804381071087,0.00395596774843876,0.395596774843876,0.0113854347951549,-0.007243182645714285,0.47685722785092516,0.0005206681850729034,0.022818154725410586,0.44637330342964715,-0.06458994943176855,-0.07772872854570241
F_hops_woody,25,26,26,2.0190904580673434,0.008690704754575576,0.8690704754575576,-0.010527544323909994,-0.007243182645714288,0.47674812866554395,0.0009779535138770834,0.03127224830223868,0.4475589333084117,-0.070252859581589,-0.08666334237831046
F_hops_woody,25,71,71,0.6014008530550752,0.0025885899426489316,0.25885899426489317,-0.03191722791034172,-0.007243182645714285,0.47634244171981266,0.0026774578783256286,0.051744157914932164,0.4477848458823592,-0.071333586977961,-0.06794048720148348
F_hops_woody,25,123,123,0.14130838831801498,0.0006082290554690068,0.06082290554690068,0.042220119550791885,-0.007243182645714247,0.4767188116193058,0.0011008170270921935,0.03317856276411091,0.44795851047152635,-0.07216473965052428,0.0725828937621931
F_hops_woody,25,24,24,2.1409276566935853,0.0092151246076607,0.92151246076607,-0.008118016981960144,-0.007243182645714292,0.4768343402405888,0.0006166094570930758,0.024831622119646,0.4482741354559414,-0.07367613495995795,0.09843475391161106
F_hops_woody,25,55,55,0.9084065093222412,0.003910024307286826,0.39100243072868257,-0.023904975022812653,-0.00724318264571429,0.4764400623705278,0.002268637486469882,0.04763021610773625,0.4487415325634525,-0.07591625858345585,0.07058970921353239
F_hops_woody,25,120,120,0.1515182600336935,0.0006521750710170109,0.06521750710170109,0.09469316889280871,-0.007243182645714379,0.47556324909649933,0.005937594752079223,0.07705578986733655,0.4492491805699478,-0.07835193991274125,-0.12130636682731392
F_hops_woody,25,105,105,0.2424908328388066,0.001043745328731041,0.10437453287310411,0.1223179210415921,-0.0072431826457143855,0.4731848863970955,0.015855640308806374,0.12591918165556099,0.4496987771088354,-0.08051139137063412,-0.05466886393399662
F_hops_woody,25,156,156,0.03232959381014046,0.00013915520897871215,0.013915520897871216,0.04209739867027185,-0.007243182645714312,0.4769216988319339,0.00025039119138337007,0.015823754023087545,0.4503622526769484,-0.0837020682845313,0.06489298536133528
F_hops_woody,25,49,49,1.0562361022533222,0.004546322369624689,0.45463223696246885,-0.039901007258918764,-0.007243182645714281,0.47522548287535465,0.007349148175227138,0.08572717291050148,0.4518038535864065,-0.0906509911547293,0.13658227181420937
F_hops_woody,25,124,124,0.14106358290343565,0.0006071753475620976,0.060717534756209765,-0.009436216473774605,-0.007243182645714295,0.47696832683248114,5.4893254389232204e-05,0.007408998204141565,0.4520593307595753,-0.09188477970633713,-0.08887494390161528
F_hops_woody,25,43,43,1.2052848950466335,0.005187868193892744,0.5187868193892744,0.009270278384382156,-0.007243182645714289,0.47687344827869643,0.0004526719082370567,0.021276087709845407,0.452145572207642,-0.09230142725824564,-0.0871348030696985
F_hops_woody,25,171,171,0.008967459446091938,3.8598341215089595e-05,0.0038598341215089595,0.1694338190787221,-0.007243182645714007,0.476713025306126,0.0011250657384453966,0.03354199961906205,0.45323519728867834,-0.09757244276325072,-0.05069999394201375
F_hops_woody,25,161,161,0.023053169900403007,9.922700216871051e-05,0.009922700216871052,0.048296746379471504,-0.007243182645714267,0.47692536905392674,0.00023500368802853444,0.015329830006502556,0.4547193436647416,-0.10477234795475376,0.09371884951387242
F_hops_woody,25,94,94,0.3391832803770697,0.001459935455426348,0.1459935455426348,0.045430901765956655,-0.007243182645714278,0.47625120572452057,0.003059464572520043,0.05531242692668429,0.4556338445757045,-0.10922050381948578,0.065435535732749
F_hops_woody,25,15,15,3.0995750706419116,0.013341399190889116,1.3341399190889116,0.014301456893985234,-0.007243182645714285,0.47632020218346516,0.0027705819471131043,0.0526363177579213,0.4569249934606282,-0.11551590102218157,-0.07768221483067964
F_hops_woody,25,115,115,0.1812286286340857,0.0007800564349370663,0.07800564349370663,0.01764117086785952,-0.007243182645714282,0.4769226306192808,0.00024648465935572794,0.01569982991485521,0.4572356440685105,-0.11703323317827197,-0.08670939474265994
F_hops_woody,25,79,79,0.5067088423753145,0.002181010230632151,0.2181010230632151,-0.03257243448964427,-0.0072431826457142945,0.4764207657649916,0.002349455369635045,0.048471180815356556,0.45769409246896686,-0.11927434817376459,-0.07741983220763897
F_hops_woody,25,25,25,2.0619953390939854,0.008875378825042756,0.8875378825042756,-0.041130576900418124,-0.007243182645714259,0.4733316799027054,0.015244934374701646,0.12347037853145755,0.45775587211098445,-0.11957652832648202,-0.025767877871725985
F_hops_woody,25,20,20,2.5174618342412147,0.01083582830322749,1.083582830322749,0.02030785255554893,-0.007243182645714283,0.47589808019988694,0.004537317563049648,0.06735961373886823,0.45948299231745293,-0.12804082642156978,-0.0815767290322687
F_hops_woody,25,16,16,2.9944844126721613,0.012889060922818947,1.2889060922818947,0.02449237993040697,-0.007243182645714282,0.4751054798434282,0.00785040947554616,0.08860253650740565,0.46160251183696116,-0.1384717629973422,0.08210214278060848
F_hops_woody,25,14,14,3.320519093480101,0.01429240129290136,1.429240129290136,-0.006845259259379103,-0.007243182645714296,0.47681922282924116,0.000679976748593436,0.026076363791628497,0.4621428120045146,-0.14113845766095023,-0.08299781460830988
F_hops_woody,25,89,89,0.3941755864867702,0.0016966370327445393,0.16966370327445393,-0.0380061736218549,-0.0072431826457143,0.4763876076232271,0.002488320378890685,0.04988306705577075,0.46216217476869415,-0.1412340820314102,-0.08877648864919868
F_hops_woody,25,64,64,0.7082874418610284,0.0030486583768415316,0.30486583768415315,0.024928994053532022,-0.007243182645714308,0.4765224237047614,0.001923655628764509,0.04385949872905951,0.4625384434724774,-0.14309310682515997,0.09422092153793732
F_hops_woody,25,44,44,1.155571006972621,0.00497388633798976,0.49738863379897597,0.026266026846556097,-0.0072431826457142875,0.47614976215683436,0.003484124636638164,0.05902647403189604,0.46487978718378925,-0.15469494326623834,-0.08956640406747114
F_hops_woody,25,32,32,1.7130806714526785,0.007373556878979988,0.7373556878979988,-0.01611990011510715,-0.007243182645714313,0.4765172308466736,0.0019454083955573465,0.0441067840083294,0.4696657784700875,-0.17859276523208023,-0.05329145942900127
F_hops_woody,25,48,48,1.072255482517128,0.004615274062040328,0.46152740620403276,0.01294598532583287,-0.007243182645714291,0.47679407724076406,0.0007853744602175361,0.02802453318464602,0.4728644026898105,-0.19470086919378327,-0.07513762559653657
F_hops_woody,25,142,142,0.06277937688081028,0.00027021921032185497,0.027021921032185498,0.030412504641181257,-0.00724318264571428,0.4769208943966573,0.0002537637918619273,0.01592996521847451,0.4760373900357922,-0.2107878870524209,-0.09910894052852165
F_hops_woody,25,74,74,0.5732858092185649,0.0024675752827218373,0.24675752827218372,0.07305506223474115,-0.007243182645714332,0.4737817080083113,0.01337149910732105,0.11563519839270774,0.47610492639031493,-0.21113146510865932,-0.0684457453635078
F_hops_woody,25,109,109,0.22031063953247068,0.0009482758510488532,0.09482758510488531,0.03179893622610716,-0.007243182645714274,0.47674917366742575,0.000973573922222859,0.031202146115655867,0.4764025915855152,-0.21264635966908885,-0.07856388953184996
F_hops_woody,25,112,112,0.2049420656064698,0.0008821254029814654,0.08821254029814654,0.1086003944301632,-0.007243182645714294,0.4744554663313083,0.010563362709606783,0.10277822098872129,0.4779176719547331,-0.22037166677959785,0.10029355136054945
F_hops_woody,25,128,128,0.11746449163774712,0.0005055985539880766,0.050559855398807654,-0.061831705029778375,-0.007243182645714392,0.47651312082924596,0.001962624998901097,0.044301523663424894,0.47989407114668226,-0.23048608160913164,0.07717561728147601
F_hops_woody,25,91,91,0.3719439901607688,0.0016009463027328078,0.16009463027328077,-0.022730469988462065,-0.007243182645714304,0.4767810796204365,0.0008398517950968243,0.028980196602107888,0.49243925549427114,-0.2956606487730127,-0.10158397835121306
F_hops_woody,25,52,52,0.9382035888706446,0.004038278898292941,0.40382788982929413,0.025194907575513917,-0.007243182645714321,0.47636028463670704,0.002602740721237784,0.051017063040101396,0.49290879366308743,-0.29813263757830066,-0.09374495416348246
F_hops_woody,25,107,107,0.23481237184582068,0.0010106951812287642,0.10106951812287643,-0.027402514375114515,-0.007243182645714297,0.4767976101942399,0.0007705664244975763,0.027759078235731167,0.49417403761325396,-0.30480552509617564,0.07375176446738124
F_hops_woody,25,17,17,2.835193416915173,0.012203429920673841,1.220342992067384,-0.013720697303717897,-0.007243182645714287,0.4764247863967883,0.0023326164628715285,0.04829716826969638,0.5041346286799174,-0.35793504461712145,-0.08291537627926439
F_hops_woody,25,8,8,5.894338989064857,0.025370809748850587,2.5370809748850585,-0.017119506191281168,-0.0072431826457142875,0.4751774899592378,0.007549633229983144,0.08688862543499686,0.5069576293755395,-0.3731856718849924,0.0827924456797976
F_hops_woody,25,33,33,1.5941900888196798,0.006861820048351867,0.6861820048351867,-0.017898014975029575,-0.0072431826457143,0.47644885418099975,0.002231814613381955,0.04724208519299082,0.512627294299144,-0.40407203227844257,0.08693910983605671
F_hops_woody,25,11,11,4.383314666606854,0.01886695737760278,1.886695737760278,0.025575251882896007,-0.007243182645714302,0.47398371214639884,0.01252999119543563,0.11193744322359388,0.5138371148560635,-0.41070718298960207,-0.07132962908138726
F_hops_woody,25,143,143,0.06161447341898254,0.00026520515460489694,0.026520515460489693,0.03746497284435933,-0.007243182645714304,0.4768912709014913,0.0003779565389572248,0.01944110436567537,0.5156515913760433,-0.4206878341363387,-0.08004382559326711
F_hops_woody,25,46,46,1.1263267668504144,0.0048480113155713565,0.48480113155713567,0.02606279680931175,-0.007243182645714278,0.47618333258882595,0.003343603101684689,0.0578238973235508,0.5167654188942323,-0.42683194483054687,-0.08899881102402918
F_hops_woody,25,96,96,0.32453806198654195,0.0013968985228363213,0.13968985228363212,-0.06454510662380049,-0.007243182645714239,0.4755701326694809,0.0059088172944000705,0.0768688317486352,0.5188861318625493,-0.43856690145403054,-0.09145504883433175
F_hops_woody,25,21,21,2.355795283146291,0.010139972276251194,1.0139972276251195,-0.02641820561080401,-0.007243182645714285,0.47526467200234374,0.007185424950499897,0.08476688593135757,0.5248247363636929,-0.47168386771683113,0.0722545586237947
F_hops_woody,25,47,47,1.1013439278573889,0.004740478502094882,0.47404785020948825,0.024766955099574696,-0.0072431826457142875,0.4762767760209144,0.002952408678421059,0.05433607161380903,0.5361269526865238,-0.5357524568784493,0.07241146082958376
F_hops_woody,25,122,122,0.14542359022798954,0.0006259419839126821,0.06259419839126822,-0.021186841824050767,-0.007243182645714297,0.4769133763927817,0.0002852828002604113,0.01689031676020472,0.5400783664457863,-0.558473777949561,0.08835496388771519
F_hops_woody,25,87,87,0.3998731018481733,0.0017211606610162558,0.17211606610162558,-0.025083890672006642,-0.007243182645714293,0.4767191107668966,0.001099563380831392,0.033159664968619655,0.54995495666685,-0.6159956149146355,-0.08083901982709886
F_hops_woody,25,131,131,0.10131086483205155,0.00043606902859064854,0.04360690285906486,0.03334040559882211,-0.007243182645714318,0.47686402857944304,0.0004921597105561615,0.022184672874668854,0.5506788023751111,-0.6202523318373785,-0.09377205382065773
F_hops_woody,25,73,73,0.580678617484791,0.002499395904572755,0.24993959045727548,-0.05650022227293958,-0.007243182645714242,0.4750454506938832,0.008101108051436934,0.09000615563080491,0.5515396395252902,-0.6253219425400238,-0.0698596701638425
F_hops_woody,25,113,113,0.1983147237529515,0.0008535995530739284,0.08535995530739283,-0.056334538824275124,-0.007243182645714305,0.47632499654012034,0.0027505068063277127,0.052445274394626304,0.5521982572496523,-0.6292059969489758,-0.09993134635760956
F_hops_woody,25,138,138,0.07647388584471335,0.00032916403554681805,0.032916403554681804,0.09128035329018822,-0.007243182645714296,0.4763168340776341,0.0027846849069597113,0.052770113766785184,0.5582089085940626,-0.6648666859019232,-0.07788928633687427
F_hops_woody,25,12,12,3.702816177625989,0.015937910078093306,1.5937910078093305,0.019430982125093355,-0.007243182645714297,0.4755220455913103,0.006109841371988112,0.07816547429644273,0.5587487994948185,-0.6680887091835388,-0.08505963163862336
F_hops_woody,25,30,30,1.7954555031501611,0.007728120161982139,0.7728120161982139,-0.03583655418106474,-0.007243182645714278,0.47457203942462667,0.010077096379933037,0.10038474176852198,0.5636815051458182,-0.6976709127338958,0.10020868585867583
F_hops_woody,25,6,6,7.286404531681817,0.03136263175046718,3.1362631750467185,0.01254961101618995,-0.007243182645714294,0.4757838535586982,0.005015128745925024,0.0708175737082587,0.5641845275284137,-0.700702225608731,0.08716357569857283
F_hops_woody,25,5,5,9.45438705933399,0.040694207750751124,4.069420775075113,0.012400945354661283,-0.007243182645714296,0.4754636196156154,0.006354059007772417,0.07971235166379365,0.5725182036839299,-0.7513160856775316,0.09002228766695605
F_hops_woody,25,102,102,0.26521662980912314,0.001141563230347246,0.1141563230347246,0.06886541894806875,-0.007243182645714296,0.47566867186996115,0.005496818760141631,0.07414053385390092,0.5737974941217255,-0.7591514524426675,0.07556902007034733
F_hops_woody,25,167,167,0.01330567343180336,5.727117321295693e-05,0.0057271173212956935,0.13002136666463535,-0.007243182645714147,0.4767469131535012,0.000983047699705919,0.03135359149612031,0.5745486156647277,-0.763760051836698,-0.05870913044355375
F_hops_woody,25,41,41,1.2769491345747037,0.005496330226740839,0.5496330226740839,-0.022561822639383416,-0.007243182645714287,0.476303448568766,0.002840731831745047,0.053298516224608045,0.5774874232213825,-0.7818494096701585,0.07984626749984765
F_hops_woody,25,125,125,0.13713763992531633,0.0005902770401238105,0.05902770401238105,-0.06305221765443343,-0.007243182645714305,0.4764128326586032,0.0023826797904995534,0.04881270111865858,0.5877982921971386,-0.8460462461951719,0.09916251517277763
F_hops_woody,25,129,129,0.11402622346863688,0.000490799329215654,0.0490799329215654,0.03602387793104928,-0.007243182645714329,0.47682716482603127,0.0006466867211210037,0.025430035806514106,0.5881107545045979,-0.848009413460596,0.08604697367086958
F_hops_woody,25,126,126,0.12786343418962204,0.0005503583809275011,0.0550358380927501,0.09408841916608729,-0.00724318264571421,0.4758001828933537,0.0049468300021495715,0.07033370459565912,0.5918921335978942,-0.871850125694138,0.08755553085613423
F_hops_woody,25,98,98,0.30721620015604656,0.0013223406017848383,0.13223406017848383,-0.05024921614588701,-0.00724318264571428,0.4761722276582179,0.003390088017538484,0.05822446236366879,0.59315786398089,-0.8798643928506167,0.07860696911997252
F_hops_woody,25,4,4,11.331805194940767,0.048775116980078984,4.877511698007899,-0.05188452109640346,-0.007243182645714271,0.44404991816836514,0.1333162235241394,0.36512494234732784,0.5959179080087733,-0.8973996232624266,0.09437081736929982
F_hops_woody,25,77,77,0.5255443044155779,0.0022620830913620414,0.22620830913620416,0.026964265528453532,-0.007243182645714294,0.4765829925264217,0.0016699166774732932,0.04086461400127109,0.6011227297958951,-0.9306886191023387,0.07951253700753086
F_hops_woody,25,101,101,0.27425084803589356,0.0011804489191897458,0.11804489191897458,-0.08871486028986213,-0.007243182645714291,0.4747264095246152,0.009432981940496576,0.09712353957973464,0.6071388217251759,-0.9695270214460361,0.06830718153161686
F_hops_woody,25,111,111,0.2147939504540835,0.0009245305474090419,0.09245305474090419,0.06078404901448333,-0.007243182645714316,0.47615355626963274,0.0034682434622653746,0.05889179452406896,0.6121471627825703,-1.002154642835515,-0.10850096877229373
F_hops_woody,25,53,53,0.9326341188083077,0.004014306411197168,0.40143064111971677,-0.03622985881537885,-0.0072431826457143005,0.4757037848329271,0.005349988647922577,0.0731436165903932,0.6125220603743134,-1.0046077549157983,-0.08949099987988823
F_hops_woody,25,136,136,0.0823057492772276,0.00035426593380921706,0.0354265933809217,0.1569626444819088,-0.007243182645714365,0.47486321387255725,0.008861986107343123,0.09413812249743965,0.6223389824612005,-1.0693785712477295,0.06374765448692286
F_hops_woody,25,19,19,2.642787236139327,0.011375262315108048,1.1375262315108048,0.02952060571179056,-0.0072431826457142676,0.47457489878462494,0.01006516750825881,0.10032530841347441,0.6309788089473444,-1.1272350718267767,-0.09135355099555975
F_hops_woody,25,99,99,0.29370606768199287,0.00126418938223047,0.12641893822304698,-0.11176411002597735,-0.007243182645714195,0.47314214764854745,0.016033410985863528,0.12662310605044919,0.6383175131184808,-1.177005151918602,-0.03275221836686102
F_hops_woody,25,75,75,0.5611254707768586,0.002415233937295569,0.2415233937295569,-0.06627780955932579,-0.007243182645714274,0.4744053919047475,0.010772203628137467,0.10378922693679386,0.6693520676711091,-1.3938401967611345,-0.09153053400091031
F_hops_woody,25,103,103,0.26115338772056274,0.0011240739508565963,0.11240739508565964,-0.03537500049974797,-0.007243182645714272,0.47664067827023826,0.0014282257247800745,0.037791873792917735,0.6743811114135315,-1.429946613510117,-0.08539006282989856
F_hops_woody,25,9,9,5.4895726777211715,0.023628587406888897,2.36285874068889,0.018517815617578627,-0.007243182645714274,0.47501537213332945,0.008226712649101686,0.0907012273847582,0.7209702395845216,-1.7772860516281215,-0.08169365196778637
F_hops_woody,25,139,139,0.07169666485591748,0.00030860160012194534,0.030860160012194535,0.11168439404030273,-0.0072431826457143005,0.4760484034975884,0.003908338909033859,0.06251670903873387,0.7327124710879547,-1.8684884376313833,-0.10014261261635475
F_hops_woody,25,63,63,0.7347752395314049,0.003162668934532206,0.3162668934532206,0.057206596285787586,-0.0072431826457143005,0.47446853721385435,0.010508845524602184,0.10251266031374862,0.7416210380645494,-1.9386645850951045,-0.10385078708178244
F_hops_woody,25,45,45,1.1359518750886102,0.004889440352886039,0.4889440352886039,-0.04194602696192008,-0.007243182645714271,0.4748936957977548,0.008734737823713812,0.0934598193006692,0.747384795768839,-1.9845197280512656,-0.09062783297026943
F_hops_woody,25,116,116,0.17743592046448228,0.0007637316057098308,0.07637316057098309,-0.06991783261634756,-0.007243182645714326,0.4760765002589153,0.0037907551702296427,0.06156910889585201,0.7507760836909227,-2.0116659285412615,-0.06852932781669821
F_hops_woody,25,69,69,0.6285796789101241,0.0027055748702625,0.27055748702625004,-0.06038631613430787,-0.007243182645714309,0.4745864000958462,0.010017184833277182,0.10008588728325701,0.7554017556313118,-2.048891126748724,0.09466920370256689
F_hops_woody,25,108,108,0.22725266854960544,0.0009781561985808618,0.09781561985808618,-0.07035706917875265,-0.007243182645714283,0.475807497263606,0.004916236305422483,0.07011587769843888,0.7555760405750185,-2.0502981584731574,0.06633675630803305
F_hops_woody,25,166,166,0.014653343202498562,6.307190395138527e-05,0.006307190395138527,0.04960739640392743,-0.0072431826457142546,0.4769438325143337,0.00015759334279519255,0.012553618713145509,0.760821556793651,-2.0927979948954447,0.08907742611697553
F_hops_woody,25,130,130,0.1079222956184087,0.00046452639301430084,0.046452639301430086,-0.2861427002974222,-0.0072431826457140126,0.4676808143194996,0.038617556891350935,0.19651350307638055,0.7726646902106452,-2.1898338961467494,-0.04170802825939862
F_hops_woody,25,153,153,0.03823761601735484,0.00016458491495410614,0.016458491495410614,-0.02293868909173041,-0.007243182645714306,0.4769604476327549,8.792983854832848e-05,0.009377091156009322,0.7746327089600702,-2.2061039490054624,-0.08139863812954831
F_hops_woody,25,67,67,0.6634921720629949,0.002855847568063354,0.2855847568063354,0.07279178667341436,-0.007243182645714282,0.47330302542415276,0.015364160659305015,0.12395225152979181,0.8119912036801562,-2.5228048515678667,-0.08899126747556073
F_hops_woody,25,68,68,0.6409585241701791,0.002758856727411531,0.27588567274115305,-0.06075531482463972,-0.0072431826457142676,0.4745090955062712,0.010339671875710499,0.10168417711576604,0.8140630268927007,-2.540804899306539,0.09207871894959922
F_hops_woody,25,137,137,0.0781993449662555,0.0003365908725820273,0.03365908725820273,0.11232189152123362,-0.0072431826457143075,0.47595202708124235,0.004311617341759222,0.06566290689391588,0.8304520840867816,-2.6848099671009504,-0.08486363402159067
F_hops_woody,25,81,81,0.4790883994775237,0.0020621244652835897,0.20621244652835896,-0.09852824843992945,-0.007243182645714315,0.4721090428198852,0.020325697489150252,0.14256822047409504,0.8539856972872104,-2.8966117061753978,-0.08850107182988803
F_hops_woody,25,148,148,0.048498988795105134,0.00020875260483236343,0.020875260483236343,0.0855600972692978,-0.007243182645714367,0.4766112295274321,0.0015516133258145492,0.039390523299573814,0.8973763242687492,-3.3026413947819186,0.07740008940034368
F_hops_woody,25,76,76,0.5379049081433639,0.0023152864320827534,0.23152864320827535,0.04968361179043495,-0.007243182645714327,0.4755954831694308,0.005802833430341825,0.07617633116881874,0.9827916171219436,-4.160702495640296,-0.0810468095886011
F_hops_woody,25,84,84,0.45053788384121485,0.0019392354183889022,0.1939235418388902,0.09387265768955659,-0.0072431826457143595,0.4728253232783243,0.017350732731897134,0.13172218010607387,0.9928208635192239,-4.2665683724753105,0.07474742012219741
F_hops_woody,25,162,162,0.01963327539417405,8.450686255006269e-05,0.008450686255006268,-0.17546166450089334,-0.007243182645714316,0.47635100710716194,0.0026415906956408497,0.0513964074195936,1.0196210467497102,-4.5547372355963756,0.1046694210988027
F_hops_woody,25,164,164,0.017524364135174095,7.542954507162131e-05,0.007542954507162131,-0.15651049872808045,-0.007243182645714451,0.47653379513242067,0.0018760201438297042,0.04331304819369921,1.021240664329159,-4.57239810164461,-0.11620016797745215
F_hops_woody,25,118,118,0.16701208729417225,0.0007188646428988489,0.07188646428988489,-0.2017267678314724,-0.0072431826457144835,0.4698444124772549,0.029701832315893295,0.17234219540174522,1.0254504709272512,-4.618434399328326,-0.08212764312549829
F_hops_woody,25,117,117,0.17107781921176593,0.0007363646392788439,0.0736364639278844,-0.18149726562723092,-0.0072431826457143396,0.47107107543884774,0.02462873786843134,0.15693545765196326,1.0546435902632796,-4.942885620686762,-0.09613016191241228
F_hops_woody,25,157,157,0.030791663755164712,0.00013253554714653455,0.013253554714653455,0.08851206146047633,-0.007243182645714262,0.4767299218265804,0.0010542566396218866,0.03246931843481532,1.076900072356643,-5.196361530046193,0.08772063677646463
F_hops_woody,25,140,140,0.06973319486804885,0.00030015030073074825,0.030015030073074826,-0.2193211547623312,-0.007243182645714321,0.4734724395159022,0.014659153373642542,0.12107499070263254,1.351440623463227,-8.758428300173893,-0.10179286074210814
F_hops_woody,25,92,92,0.356689136989223,0.0015352853391743919,0.15352853391743917,-0.08573204406975653,-0.007243182645714307,0.47424107299625917,0.011457358913688487,0.1070390532174505,1.419681995992433,-9.768819216514494,0.09073127311880867
F_hops_woody,25,141,141,0.06592910925723788,0.00028377649995694223,0.028377649995694223,0.12118870873307808,-0.007243182645714186,0.4759711392683619,0.0042316506069774995,0.06505113839877882,1.456862282969356,-10.340258033211578,-0.07193806614357241
F_hops_woody,25,104,104,0.2557123180814165,0.001100654133485874,0.1100654133485874,-0.15378993159559537,-0.0072431826457142814,0.4706356271381388,0.026431130237172584,0.16257653655178078,1.4838083799065611,-10.7636359419438,0.07781577156824351
F_hops_woody,25,159,159,0.027246133929988876,0.00011727463955023039,0.011727463955023039,0.0960865172582334,-0.0072431826457141375,0.4767191604225234,0.0010993552875171453,0.03315652707261265,1.496913862682812,-10.97235421322827,0.08767070515200902
F_hops_woody,25,155,155,0.033398694014980086,0.0001437569018826601,0.014375690188266009,0.0688172271584564,-0.007243182645714229,0.47681653449653527,0.0006912451580879386,0.02629154156925422,1.5258700378699435,-11.440018528448766,0.09006114414786885
F_hops_woody,25,114,114,0.18347288222499203,0.0007897163019702809,0.07897163019702809,0.09374117059644337,-0.007243182645714291,0.4752980492243042,0.007045971892079228,0.083940287657828,1.636533694899386,-13.309874986366355,-0.07368445605094501
F_hops_woody,25,158,158,0.028524097912682136,0.00012277533795440176,0.012277533795440176,0.09965566359617932,-0.00724318264571436,0.47668607321198603,0.0012380100415809725,0.035185366867218945,1.766104436477184,-15.665513496933539,0.09127524184199724
F_hops_woody,25,173,173,0.006463419240767768,2.7820283188462373e-05,0.0027820283188462374,0.10563284384777918,-0.007243182645714464,0.4769062434044644,0.00031518718300183046,0.017753511849822965,1.7845992173708871,-16.016386177185147,-0.08044144807906603
F_hops_woody,25,106,106,0.2370213463642927,0.0010202031977090149,0.10202031977090148,0.07110355103602668,-0.007243182645714287,0.4757308154469715,0.005236948704636646,0.07236676519395102,1.9934514729720738,-20.23231128359055,-0.0904585187036355
F_hops_woody,25,144,144,0.05890951078905843,0.0002535622727840733,0.02535622727840733,-0.15166279043793046,-0.0072431826457142745,0.4755670335991896,0.005921773315821666,0.07695305917130005,2.4118190266678496,-30.079596413412165,-0.08719997018621657
F_hops_woody,25,168,168,0.011190738704010827,4.8167929115593905e-05,0.004816792911559391,-0.10914375457421917,-0.007243182645714431,0.4768424554267628,0.0005825923966504831,0.024136950856522735,2.459875773979783,-31.33049004718812,0.08729656480559947
F_hops_woody,25,169,169,0.010407861374599588,4.479821593519673e-05,0.004479821593519674,-0.12081692123012416,-0.0072431826457142155,0.47682305001724146,0.0006639346061323437,0.025766928535082643,2.6003817294892126,-35.129350031481174,0.0860480935082044
F_hops_woody,25,146,146,0.05309748635837221,0.00022854576688575791,0.02285457668857579,0.12562101041808937,-0.007243182645714262,0.47610728778374806,0.0036619027333755216,0.06051365741198751,2.6635152051149253,-36.9049822344262,0.08237217743702735
F_hops_woody,25,133,133,0.0951019076119712,0.000409344017921657,0.0409344017921657,-0.1373055740442212,-0.007243182645714255,0.4751090188509675,0.007835628598005018,0.08851908606625312,3.9036282093332457,-80.41845035900543,-0.08009049595065292
F_hops_woody,25,152,152,0.042752248545621555,0.00018401709949135805,0.018401709949135803,-0.14134711370025554,-0.007243182645714122,0.47609033494118513,0.0037328550696219542,0.06109709542704716,3.9682103007877787,-83.13472837048252,-0.08438691889467402
F_hops_woody,25,154,154,0.037484871344509146,0.0001613449007778501,0.01613449007778501,0.30430147256174966,-0.007243182645714324,0.4733497990679148,0.015169539965255385,0.12316468635633844,4.4586209266791,-105.21528941950966,-0.08165457286695886
F_hops_woody,25,165,165,0.015514369589107955,6.67779915523756e-05,0.00667779915523756,-0.30611547647819315,-0.0072431826457143925,0.47546375353108133,0.006353499282180652,0.07970884067768548,5.339183104100764,-151.31250705876133,0.08109331970784416
F_hops_woody,25,163,163,0.01810027796061296,7.790843203825985e-05,0.007790843203825985,0.4838094037951291,-0.0072431826457146475,0.47254494365096694,0.018515785166093868,0.1360727201392463,6.826879105367562,-248.01778226867333,0.09113881267931769
F_hops_woody,25,170,170,0.009996245411064777,4.30265108602417e-05,0.00430265108602417,-0.45552824993879004,-0.007243182645714116,0.4748145384287414,0.009065167186401712,0.09521117154200753,14.258915699733862,-1085.3229121408192,-0.08616443425664304
F_hops_woody,25,174,174,0.005240463583137335,2.255635531146311e-05,0.0022556355311463107,0.46474472344972617,-0.0072431826457146084,0.4758002375360099,0.004946601450949273,0.07033207981390202,18.370125994785468,-1802.0601154818878,-0.08768745148449579
F_hops_woody,25,172,172,0.0070134857180122615,3.0187916263058337e-05,0.003018791626305834,0.7301326383952138,-0.0072431826457138955,0.473068487245549,0.016339761768283778,0.12782707760206166,18.887498667025145,-1905.0523748252479,-0.08335155434978551
