Chemical_Feature,Impact_+15%,Impact_-15%,Sensitivity,Rank
color.EBC.,0.15970169290261998,-0.16314110108325403,0.322842793985874,1
ethyl..E..linalool,-0.030653103931662384,0.033617772959116096,0.06427087689077848,2
protein.g.L.,0.02919505418787165,-0.02887253340886356,0.05806758759673521,3
pH,0.052935137576652,-0.0040608992155421655,0.056996036792194164,4
terpinen.4.ol,-0.01224503221836025,0.03741021676244035,0.0496552489808006,5
kcalperc,0.0328988702840457,-0.008535812066682533,0.04143468235072823,6
ethanol..v.v.,0.022216033395824647,-0.005599663860139651,0.0278156972559643,7
ethyl..9..decenoate,-0.00561690664480063,0.015321946335561049,0.020938852980361678,8
y.methyl.1.octanol,0.010806527364656576,-0.006270750539937826,0.0170772779045944,9
X.E..beta.ionone,-0.006620201529352665,0.009873636882995885,0.016493838412348548,10
ethyl.tiglate,0.011979529084484013,-0.0043986757669959905,0.016378204851480005,11
butylated.hydroxytoluene,0.013244939785010259,-0.00211034179363833,0.01535528157864859,12
n.dodecanol,-0.0026349910786143305,0.012552897569824575,0.015187888648438905,13
octyl_acetate,-0.005262472584809979,0.008700673510643644,0.013963146095453623,14
X2.acetylpyrrole,0.0113288003604031,-0.0026311307275878344,0.013959931087990934,15
X3.methyl.2.hexanol,0.007358319853108505,0.006543227650009762,0.013901547503118266,16
n.pentanol,-0.0014082007293574977,0.01187298727536067,0.013281188004718168,17
n.heptanol,0.010212265237556882,-0.0021222638484897412,0.012334529086046623,18
neryl.propanoate,-0.004021735854184994,0.006091116354931836,0.01011285220911683,19
alpha.calacorene,0.002343226925921502,0.007033519929596762,0.009376746855518264,20
ambroxide,-0.0018267968912575663,0.007311712119035804,0.00913850901029337,21
X2.phenyl.ethyl.butyrate,-0.0008684934480691164,0.00822810519202401,0.009096598640093127,22
DMS,-0.00636514404105319,0.0025063325010231553,0.008871476542076345,23
perillyl.acetate,-0.0021724006974259955,0.005994699459553015,0.00816710015697901,24
cumin.aldehyde,0.006229982708678342,0.0015730978062111487,0.007803080514889491,25
nerol,0.005526215580539007,-0.0020526403182349953,0.007578855898774002,26
unfermentables,0.005105012719654838,-0.0024176334388060724,0.00752264615846091,27
eucalyptol,-0.0037500835489681235,0.0035655097375232626,0.007315593286491387,28
spathulenol,-0.0010863867016894086,0.005950901743734131,0.00703728844542354,29
camphor,-0.003516157183891625,0.0034603266856394893,0.006976483869531114,30
X2.undecanol,0.00478628968624251,-0.0021207251590429944,0.006907014845285504,31
isoborneol,-0.0024911661791382185,0.004361595288920961,0.00685276146805918,32
X2.6.dimethyl.pyrazine,0.004273759938508504,-0.0023690545900467365,0.00664281452855524,33
tau.cadinol,0.003546271435653511,-0.002932187074161543,0.006478458509815054,34
acetaldehyde,0.003397628046077003,-0.0029869950194089125,0.006384623065485916,35
isomaltol,-0.004206844204900077,0.0020675473027736715,0.006274391507673749,36
X2E.6Z.farnesal,0.0032729297535572604,-0.0029335591449819996,0.00620648889853926,37
propyl.acetate,-0.001593323839796116,0.004480227499516633,0.006073551339312749,38
prenyl.isobutyrate,-0.003163532032075927,0.002865875443784241,0.006029407475860168,39
X.E..alpha.ionone,-0.0012130447990861596,0.004609360357766341,0.005822405156852501,40
X4.8.alpha.epoxy.caryophyllane,-0.0037676589132153294,0.0020017758533265,0.0057694347665418295,41
X2Z.6E.farnesol,0.0044516177392587486,-0.0011635318925074956,0.005615149631766244,42
vinyl.caprylate,0.0026120960808267047,-0.00284267952424724,0.005454775605073944,43
ethyl.hex..2E..enoate,-0.0029379722884893293,0.0024448795916987612,0.00538285188018809,44
X1.10.di.epi.cubenol,0.004873765549201004,-0.0003539719293983324,0.005227737478599336,45
car.3.en.2.one,-0.0012890485656199973,0.003888819045169758,0.005177867610789756,46
ethyl.benzoate,-0.001978281182661486,0.003199477874860004,0.00517775905752149,47
neryl.isovalerate,-0.0021651005676213237,0.002947298757036643,0.005112399324657967,48
delta.terpinyl.acetate,0.0020671323466718715,-0.002944407141443748,0.00501153948811562,49
germacrene.D,-0.0028848070391457336,0.002002371040384755,0.004887178079530489,50
X2.acetylfuran,0.004658731042248831,-0.00012616213857199514,0.004784893180820826,51
X2.furanmethanol,0.003346665189304009,0.0013182259301538015,0.004664891119457811,52
ethyl..E..cinnamate,-0.002741349421879746,0.001890958068280254,0.00463230749016,53
nerol.oxide,-0.0015786932958872476,0.002741591230830763,0.004320284526718011,54
linalool.isovalerate,-0.0017985518004297047,0.00247041208266892,0.004268963883098624,55
X4.ethyl.guaiacol,-0.002340838042783588,0.0019266027871047964,0.0042674408298883845,56
caryophyllene.alcohol,0.0031358759186365043,0.00109281765928126,0.004228693577917764,57
X1.propanol,-0.0022172947828434913,0.0019912134477492543,0.004208508230592746,58
x.methyl.1.octanol,-0.0006836892587049962,0.0033820874043277503,0.004065776663032747,59
benzyl.benzoate,0.0019559930364066243,-0.002096300805584497,0.004052293841991121,60
isobutanol,0.002889195500172503,-0.0010424034449979898,0.003931598945170493,61
X14.hydroxy.alpha.humulene,-0.0021228507446924842,0.0016375884910187616,0.0037604392357112456,62
E.ocimenone,-0.0014359775612761642,0.002244296824178335,0.0036802743854544994,63
lactic_acid.mg.L.,0.0014260448271478478,-0.0022087809449348288,0.003634825772082677,64
E.nerolidol,0.0026821790238522906,-0.0007044521313714506,0.003386631155223741,65
X4.methyl.1.pentanol,0.0006348519359966043,-0.0027131400135628025,0.0033479919495594066,66
phenethyl_alcohol,0.0014722073879042178,-0.001796807090356579,0.003269014478260797,67
X2Z.6Z.farnesol,0.0017366167650590008,-0.0014812786531259942,0.003217895418184995,68
ethyl.tetradecanoate,0.002689651451369104,-0.0004999475353324913,0.003189598986701595,69
X3.methylthio.propanol,0.0010985220864085875,-0.0019353012303376666,0.003033823316746254,70
terpinolene,-0.0010022898442599974,0.0019885544729670067,0.002990844317227004,71
nonan.2.ol,0.00041657034174026234,0.002497315734181249,0.0029138860759215113,72
betaglucan.mg.L.,-0.0011089851644072502,0.0017434801753189971,0.0028524653397262473,73
X2E.6E.methyl.farnesoate,0.0024421080555083064,-0.00040419461243950143,0.002846302667947808,74
terpinen.4.ol.acetate,0.0007730359910631078,0.0020547247317181717,0.0028277607227812796,75
isopropyl.tetradecanoate,0.0023418560874625075,-0.00043741589784949367,0.002779271985312001,76
diethyl.succinate,-0.0012077006720874915,0.0014735049062425012,0.0026812055783299927,77
X3.furanmethanol,0.0007171885117088366,0.0019573531052108047,0.002674541616919641,78
ethyl.phenylacetate,-0.0007011420417807403,0.0019366819629175437,0.002637824004698284,79
alloaromadendrene.epoxide,0.0013605959402976753,0.0012163878993816794,0.0025769838396793544,80
E.methyl.isoeugenol,0.0016467664643750074,-0.0009192437527279859,0.002566010217102993,81
X.E..dihydro.apofarnesal,0.0015041841697675115,-0.001022205541512492,0.002526389711280003,82
X1.octen.3.ol,0.0022805404891971743,0.00023912880367714246,0.002519669292874317,83
ethyl.pentadecanoate,-0.0007728739905835797,0.0017420251226450895,0.002514899113228669,84
ethyl.octadecanoate,0.0016134489571847652,-0.0008420723861126625,0.002455521343297428,85
isopropyl.laurate,0.002070868650140273,-0.00037498373525132815,0.002445852385391601,86
propylene.glycol,0.00206268716675043,0.00038099291868659075,0.002443680085437021,87
hydroxy.methyl.furfural,0.0005506751233883489,-0.0018425446060938283,0.002393219729482177,88
caryophyllene.oxide,0.0023740130587414994,7.877763042174624e-06,0.002381890821783674,89
dihydroisocaryophyllene.epoxide,0.0008981657413312506,0.0014700682402275056,0.002368233981558756,90
X9.epi..E..caryophyllene,-0.0004899082797680248,0.001847629400524924,0.0023375376802929485,91
ethyl_acetate,0.0021088638588015003,0.00021192215493950916,0.0023207860137410092,92
trans.dihydro.alpha.terpinyl.acetate,0.0010480023053670057,0.0012561109024840102,0.002304113207851016,93
cis.linalool.oxide,-0.0013560067969289862,0.0009332111353335001,0.0022892179322624865,94
ethyl_propionate,0.0013040923113955077,-0.0009481075186225007,0.002252199830018008,95
humulene.epoxide.II,-0.001353775987687664,0.0008609761186756705,0.0022147521063633343,96
isopentyl.formate,0.0015470037233695077,-0.0006595203896664942,0.002206524113036002,97
ortho.cresol,0.0015679087039902567,-0.0005625468271015802,0.002130455531091837,98
alpha.humulene,0.000739294151597511,-0.001342029645918989,0.0020813237975165003,99
X3.methyl.2.butenal,0.0010053932611883399,0.001059944636637015,0.002065337897825355,100
n.nonanol,0.001628243595101002,-0.0003946810069943267,0.0020229246020953286,101
X2.methyl.benzofuran,-0.00032926389441965796,0.00160340681975284,0.0019326707141724979,102
caryophyllene.acetate,-0.0003646678667369883,0.0014400005803859763,0.0018046684471229647,103
n.octanol,0.001050565927644593,0.0006901669682645859,0.001740732895909179,104
CO2.PSI.,-0.000920058177277496,0.0007976562752223368,0.0017177144524998327,105
linalool,-0.0003748605988131585,0.001341371771233006,0.0017162323700461643,106
beta.cyclohomocitral,-0.0006660854207569976,0.0010396503895190945,0.0017057358102760922,107
X4.methoxysalicylaldehyde,-0.0002895678396820048,0.0014048121327695001,0.001694379972451505,108
X2.pentyl.furan,-2.666805090808251e-05,0.0016275598411472586,0.0016542278920553411,109
ethyl.hex..3E..enoate,-0.0004405707522909912,0.0011820149583170025,0.0016225857106079936,110
ethyl.furoate,0.0007201271396430066,-0.0008638875113231284,0.001584014650966135,111
X2.ethyl.3.methylpyrazine,-0.0003717056147114977,0.001211340233830667,0.0015830458485421649,112
methylpyrazine,0.000789530311968505,-0.0007777985418412535,0.0015673288538097586,113
trans.dihydro.beta.terpineol,-0.00025658556003782735,0.0013026654642010033,0.0015592510242388308,114
caryophylla.4.12..8.13..dien.5.alpha.ol,0.000547808586693172,-0.0009688602291631598,0.0015166688158563318,115
isopentyl.butanoate,0.0009446791133830096,-0.0005250604640821687,0.0014697395774651784,116
bitterness,0.0012011951921161701,-0.0002520604564053149,0.001453255648521485,117
butyl.acetate,0.0009063512046935024,-0.0005063040958144926,0.0014126553005079949,118
gamma.eudesmol,-0.0004483822586478989,0.0009318907741784685,0.0013802730328263675,119
H2S,0.001006728712353012,-0.00036169360286124655,0.0013684223152142586,120
X2.methyl.1.butanol,0.000564791969732081,-0.0008020861901440712,0.0013668781598761522,121
beta.phellandrene,-0.00035439095221598965,0.0009626545083677965,0.0013170454605837861,122
phenylacetaldehyde,0.0009618248714065046,-0.00033821804371100107,0.0013000429151175056,123
E.cinnamaldehyde,-0.0008536418532565712,0.0004281601057955914,0.0012818019590521627,124
manool.oxide,-0.0002813224535200477,0.0009968808653133133,0.001278203318833361,125
dodecanal,0.00010165912804501109,0.001170734538156503,0.001272393666201514,126
methyl.para.anisate,-0.0004377612449710014,0.0007791726541785018,0.0012169338991495032,127
X2.butyloctanoate,-0.0001565639548612425,0.0010483807856379963,0.0012049447404992389,128
ethyl_octanoate,0.000832947032695418,-0.00036183734528924587,0.001194784377984664,129
isopentyl.hexanoate,0.000644455042748718,0.0005359814529149543,0.0011804364956636724,130
ethyl.pentanoate,-0.00034512598223899413,0.0008056491308622456,0.0011507751131012397,131
X.E..ortho.methoxy.cinnamaldehyde,-0.0007956914178899896,0.00035095654004049917,0.0011466479579304888,132
ethyl.hexadecanoate,0.0009220805282002534,-0.00021961746134812157,0.001141697989548375,133
sulfur_sum,0.0007692666733085066,-0.0003715060277574995,0.001140772701066006,134
isoamyl_alcohol,0.0006431121104510078,0.0004582672937395059,0.0011013794041905137,135
heptyl.acetate,-0.0003846786250878177,0.0007142618764240087,0.0010989405015118265,136
dimethoxy..E..citral,0.0010583519513157624,2.187251400317971e-05,0.001080224465318942,137
X2.3.dihydro.farnesol,-0.0006206335881889651,-0.0004381753957638636,0.0010588089839528286,138
X2.ethyl.1.hexanol,-0.0008079139419022444,-0.00023703401110633217,0.0010449479530085766,139
X13.epi.manool.oxide,-0.000294709187850492,0.0007351129030740034,0.0010298220909244955,140
X5.methylfurfural,6.26542997215118e-05,-0.0009651673707464944,0.0010278216704680061,141
isoamyl.lactate,0.00014331840414250123,-0.0008590451474149997,0.0010023635515575009,142
X4VG,-0.00045393890575249224,0.0005324670265468346,0.0009864059322993268,143
X14.hydroxy.9.epi..E..caryophyllene,-0.0005735085492529851,0.000408934620807006,0.0009824431700599912,144
tau.muurolol,-0.0006319729484842497,0.0003378661424566681,0.0009698390909409177,145
phenethyl_acetate,-0.0002773718427164982,0.0006611044004339667,0.000938476243150465,146
X2.ethylhexylsalicylate,0.0007873121166647523,0.00012298989912600065,0.0009103020157907529,147
manool,-0.00014623599823674526,0.0007178607404794993,0.0008640967387162446,148
X.Z..dihydro.apofarnesal,0.0005231616510699997,-0.00033310027497779717,0.0008562619260477969,149
ethyl_decanoate,0.00013158155995500256,-0.0007157666822914874,0.00084734824224649,150
n.hexanol,0.0005208919284855026,-0.0003204512722567291,0.0008413432007422317,151
cadalene,0.00032638254826584544,0.0004992256433732512,0.0008256081916390967,152
ethyl_2.methyl_butyrate,0.000289828001206501,-0.0005254347774501579,0.0008152627786566589,153
X2Z.6E.farnesal,-0.0005200625696844924,0.0002733652110070841,0.0007934277806915765,154
geosmin,0.00034218998222100235,-0.00041981840255750385,0.0007620083847785061,155
dehydroxy.cis.linalool.oxide,0.000640154513888501,-0.00012153237833549428,0.0007616868922239952,156
benzaldehyde,0.0003429463502880102,-0.00041537764387349145,0.0007583239941615016,157
GFS,-0.0002764735751009839,0.0004801097455197584,0.0007565833206207423,158
alpha.muurolol,-0.00012145777268832512,0.000625029388530004,0.0007464871612183292,159
isobutyl.hexanoate,0.0007040629058719974,2.0068303270998915e-05,0.0007241312091429964,160
alpha.terpinyl.isobutanoate,3.490200147726084e-05,0.0006810041861482583,0.0007159061876255192,161
hexyl.acetate,-0.000368467632318584,0.0003056411652566008,0.0006741087975751848,162
aroma_hops_sum,-0.0001832912332235018,0.000467980667784353,0.0006512719010078548,163
furfural,0.00033707572698200074,-0.0003124426572029853,0.0006495183841849861,164
X4.ethyl.phenol,0.0003077305484788483,0.0003292688158871729,0.0006369993643660212,165
X3Z.hexenol,-0.00024554557019883114,0.00039035013729950496,0.0006358957074983361,166
ethyl.5.methylhexanoate,-0.00038734979409437613,0.0002402072433093586,0.0006275570374037348,167
eugenol,-0.00014552851759479953,0.0004691291591590116,0.0006146576767538111,168
X.Z..beta.farnesene,1.535961622200585e-05,0.0005974066759870032,0.0006127662922090091,169
methyl.hexadecanoate,-0.00017125378572962474,-0.0004243310448111605,0.0005955848305407853,170
isobutyl_acetate,-0.0001904434265994943,0.00040220593934967805,0.0005926493659491723,171
vanillin,0.00047230916384484207,-0.0001196507097988267,0.0005919598736436688,172
iron,0.00037300461396149896,-0.00021210903966249132,0.0005851136536239903,173
MeSH,0.0001208917053920002,-0.00046416757879083164,0.0005850592841828319,174
selin.11.en.4.alpha.ol,0.00035664509047700593,-0.00022361627691700178,0.0005802613673940077,175
geraniol,0.00020605409649300708,-0.0003582094321741607,0.0005642635286671677,176
alpha.eudesmol,0.00012002181464210494,-0.00043570969058268966,0.0005557315052247946,177
Z.Z.geranyl.linalool,-3.4842270811499706e-05,0.0005147458123113004,0.0005495880831228001,178
X1.2.dihydro.8.hydroxy..2E..linalool,-0.0002494715717072406,0.0002961412642020105,0.0005456128359092511,179
cis.beta.terpineol,-0.0001513228938652508,0.00036679902256175033,0.0005181219164270011,180
n.nonanal,0.00020320781822749645,0.0003103606567740101,0.0005135684750015065,181
benzyl.alcohol,-0.0002548785467619917,0.0002571479057247545,0.0005120264524867463,182
X1.alpha.terpineol,0.0003917226639803041,-0.00011213128503645791,0.0005038539490167621,183
ethyl.butyrate,0.00022050459315950565,-0.0002760786107199945,0.0004965832038795002,184
ethyl.isobutyrate,-0.0002383875002514931,0.00025046215006150707,0.0004888496503130001,185
neryl.formate,0.0002075847494315052,-0.0002677547171189944,0.0004753394665504996,186
ethyl.lactate,7.530423973009835e-06,0.00045147541682350714,0.000459005840796517,187
ammonia.mg.L.,0.00026211445057360396,-0.00019161246315012244,0.0004537269137237264,188
X2.undecanone,0.00043543518672950634,1.5946675100629167e-05,0.0004513818618301355,189
amyl.acetate,0.0002483091223240039,-0.00020243707856399746,0.00045074620088800135,190
X.E..beta.damascenone,-0.0001740795610579989,0.00027434692875962695,0.00044842648981762584,191
esters_sum,0.00020455149120850445,0.00023492229658749787,0.00043947378779600233,192
n.decanol,-0.00039291861265549564,-4.404015933275534e-05,0.000436958771988251,193
SO2.mg.L.,-0.0001960334620409967,-0.00023790579378849368,0.00043393925582949034,194
n.tetradecanol,0.0001366009815730009,0.00028735963034800957,0.00042396061192101047,195
X2.methylbutyl.octanoate,0.00027018514664950503,-0.0001024233330489906,0.00037260847969849563,196
isopropyl.hexadecanoate,0.0003538180711805037,4.891824144006946e-06,0.0003587098953245106,197
neo.allo.ocimene,0.0001265046911316761,0.00023160623222809532,0.0003581109233597714,198
ethyl.hydrocinnamate,-0.00011275956587366394,0.00023709990987408122,0.0003498594757477451,199
ethyl_hexanoate,0.00013583320183717444,-0.00021330427109274237,0.0003491374729299168,200
ethyl.nicotinate,0.00014222762948900468,-0.0001861926776344851,0.0003284203071234898,201
glycerol,-0.00026248895424349885,-4.445929210399841e-05,0.00030694824634749723,202
neryl.isobutanoate,-0.00011386749849499642,0.00018640136976601446,0.00030026886826101085,203
X.E..beta.farnesene,-0.0002395139813927499,5.1361358187429795e-05,0.0002908753395801797,204
X2.3.butanedione,-0.00016346776703799054,0.00011646464888800568,0.0002799324159259962,205
X.E..2.nonenal,7.459977332951354e-05,-0.00017364281130299403,0.0002482425846325076,206
E.caryophyllene,-0.0001282814849785016,0.00011138585022801323,0.00023966733520651483,207
pentyl.octanoate,0.00010583763793300001,-0.00011591121293773883,0.00022174885087073885,208
DES,-6.58227159272449e-05,0.00011482175225600497,0.00018064446818324986,209
X3.methylbutanal,-0.00011833340201149088,4.947399616800167e-05,0.00016780739817949254,210
beta.humulene,0.0001544085021580087,-1.0480571647547174e-05,0.00016488907380555586,211
methyl.geranate,-0.00013819007593174681,2.2684405095427155e-05,0.00016087448102717396,212
acetic_acid.g.L.,6.463230973518554e-05,-9.609265394486485e-05,0.0001607249636800504,213
X2.methyltetrahydrofuran.3.one,-0.0001465027106344922,9.434219256497044e-06,0.00015593692989098926,214
acids_sum,9.7034279946508e-05,5.639254357026089e-05,0.0001534268235167689,215
cis.dihydro.beta.terpineol,3.7781527984499325e-05,-0.00011538632271100355,0.00015316785069550287,216
Z.nerolidol,7.078294783500455e-05,-8.234864877098574e-05,0.00015313159660599029,217
X6.methyl.5.hepten.2.one,-8.215500833502268e-06,-0.00013806651780349374,0.00014628201863699602,218
valencene,3.276459100968005e-05,0.00011241886326749536,0.0001451834542771754,219
limonene,-1.4699782449998366e-05,0.00012302183002050023,0.0001377216124704986,220
citronellol,0.0001036330950240047,2.904795213499469e-05,0.0001326810471589994,221
foeniculin,-8.677414365448756e-05,4.585219004725469e-05,0.00013262633370174224,222
X.E..beta.ocimene,8.276625261550249e-05,4.889778484284124e-05,0.00013166403745834372,223
alpha.phellandrene,2.6235776501003998e-05,0.00010173327070274994,0.00012796904720375395,224
ethyl_isovalerate,9.535412156250363e-05,-2.4833660348989897e-05,0.00012018778191149353,225
isopentyl_acetate,-5.2741788255494754e-05,-5.4655186581293836e-05,0.00010739697483678859,226
styrene,-3.528438402098568e-05,6.656494154999815e-05,0.00010184932557098382,227
meta.cymenene,5.5312219655011995e-05,2.2053685446003858e-05,7.736590510101585e-05,228
gamma.nonalactone,-3.6770008576491366e-05,2.641015934925656e-05,6.318016792574793e-05,229
X.E.E..2.4.decadienal,-3.535674582798892e-05,-2.7344290078166468e-05,6.270103590615539e-05,230
CS2,-2.8543125503993097e-05,-2.140895258449612e-05,4.995207808848922e-05,231
