feature_type,major_group,english_term,english_name,korean_name,meaning_flavor,meaning_source_type,meaning_source_detail,meaning_evidence_level,meaning_last_updated
chemical,효모(Yeast) / 알데하이드,acetaldehyde,acetaldehyde,acetaldehyde,"Green apple, paint 계열 향/풍미; 기원: Yeast, Aging; 분류: Aldehyde",paper,paper: Supplementary Table S1 (flavor fields),direct,2026-01-22
chemical,효모(Yeast) / 황(설퍼) 화합물,CS2,carbon disulfide,이황화탄소(CS₂),"향/풍미: 순수물질은 달콤한 에테르/클로로포름 유사 냄새(불순물 포함 시 악취) (sweet ether-like odor (pure CS2); foul sulfuric odor (impure)). 맥주에서 황계 휘발 성분으로, 존재 자체가 원치 않는 이취(설퍼/양배추류) 리스크 신호일 수 있음",webdb,web/DB: PubChem/NIOSH (CS2 sweet ether-like; reagent foul),direct,2026-01-22
chemical,효모(Yeast) / 황(설퍼) 화합물,DES,diethyl sulfide,디에틸 설파이드,cooked vegetables 계열 향/풍미; 기원: Yeast; 분류: Sulfur compound,paper,paper: Supplementary Table S1 (flavor fields),direct,2026-01-22
chemical,야생미생물/세균(Wild flora) / 황(설퍼) 화합물,DMS,dimethyl sulfide,디메틸 설파이드(DMS),"cooked vegetables, corn, garlic 계열 향/풍미; 기원: Bacteria, Aging; 분류: Sulfur compound",paper,paper: Supplementary Table S1 (flavor fields),direct,2026-01-22
chemical,효모(Yeast) / 에스터,ethyl_2.methyl_butyrate,ethyl 2-methylbutyrate,ethyl 2-methylbutyrate,"fruity, apple, sweet 계열 향/풍미; 기원: Yeast, Aging; 분류: Ester",paper,paper: Supplementary Table S1 (flavor fields),direct,2026-01-22
chemical,효모(Yeast) / 에스터,ethyl_acetate,ethyl acetate,에틸 아세테이트,"solvent, fruity, sweet 계열 향/풍미; 기원: Yeast; 분류: Ester; 대표 에스터(과일향↔용제감), 선호도 예측에서 중요 변수로 보고",paper,paper: Supplementary Table S1 (flavor fields),direct,2026-01-22
chemical,효모(Yeast) / 에스터,ethyl_decanoate,ethyl decanoate,ethyl decanoate,"caprylic, fruity, apple 계열 향/풍미; 기원: Yeast; 분류: Ester",paper,paper: Supplementary Table S1 (flavor fields),direct,2026-01-22
chemical,효모(Yeast) / 에스터,ethyl_hexanoate,ethyl hexanoate,에틸 헥사노에이트,"sour apple, aniseed, fruity, sweet 계열 향/풍미; 기원: Yeast; 분류: Ester",paper,paper: Supplementary Table S1 (flavor fields),direct,2026-01-22
chemical,효모(Yeast) / 에스터,ethyl_isovalerate,ethyl isovalerate,ethyl isovalerate,"fruity, apple, sweet 계열 향/풍미; 기원: Yeast, Aging; 분류: Ester",paper,paper: Supplementary Table S1 (flavor fields),direct,2026-01-22
chemical,효모(Yeast) / 에스터,ethyl_octanoate,ethyl octanoate,ethyl octanoate,"Apple, fruity 계열 향/풍미; 기원: Yeast; 분류: Ester",paper,paper: Supplementary Table S1 (flavor fields),direct,2026-01-22
chemical,효모(Yeast) / 에스터,ethyl_propionate,ethyl propionate,ethyl propionate,"fruity, sweet 계열 향/풍미; 기원: Yeast; 분류: Ester",paper,paper: Supplementary Table S1 (flavor fields),direct,2026-01-22
chemical,효모(Yeast) / 황(설퍼) 화합물,H2S,hydrogen sulfide,황화수소(H₂S),"eggs, rotten eggs 계열 향/풍미; 기원: Yeast; 분류: Sulfur compound",paper,paper: Supplementary Table S1 (flavor fields),direct,2026-01-22
chemical,효모(Yeast) / 알코올,isoamyl_alcohol,isoamyl alcohol,isoamyl alcohol,"alcoholic, banana 계열 향/풍미; 기원: Yeast; 분류: Alcohol",paper,paper: Supplementary Table S1 (flavor fields),direct,2026-01-22
chemical,효모(Yeast) / 알코올,isobutanol,Isobutanol,Isobutanol,"alcoholic 계열 향/풍미; 기원: Yeast, Aging; 분류: Alcohol",paper,paper: Supplementary Table S1 (flavor fields),direct,2026-01-22
chemical,효모(Yeast) / 에스터,isobutyl_acetate,isobutyl acetate,isobutyl acetate,"banana, sweet, fruity 계열 향/풍미; 기원: Yeast; 분류: Ester",paper,paper: Supplementary Table S1 (flavor fields),direct,2026-01-22
chemical,계산/집계(Computed) / 기타,isopentyl_acetate,isopentyl_acetate,이소아밀 아세테이트(이소펜틸 아세테이트),"향/풍미: 바나나·배(pear) 계열의 강한 과일향 (banana-like, pear-like (isoamyl/isopentyl acetate)). 맥주에서 대표적인 발효 에스터로, 농도가 높으면 용제/매니큐어 같은 solventy 인상이 동반될 수 있음",webdb,"web/DB: The Good Scents Company(isoamyl acetate), Wikipedia/ACS molecule of the week",direct,2026-01-22
chemical,효모(Yeast) / 황(설퍼) 화합물,MeSH,methanethiol,메탄티올,"Putrefaction, drains, rotting vegetables 계열 향/풍미; 기원: Malt, Yeast; 분류: Sulfur compound",paper,paper: Supplementary Table S1 (flavor fields),direct,2026-01-22
chemical,효모(Yeast) / 에스터,octyl_acetate,octyl acetate,octyl acetate,"coconut, vegetable oil, aromatic 계열 향/풍미; 기원: Yeast; 분류: Ester",paper,paper: Supplementary Table S1 (flavor fields),direct,2026-01-22
chemical,효모(Yeast) / 에스터,phenethyl_acetate,phenethyl acetate,phenethyl acetate,"roses, honey, fruity, floral 계열 향/풍미; 기원: Yeast; 분류: Ester",paper,paper: Supplementary Table S1 (flavor fields),direct,2026-01-22
chemical,효모(Yeast) / 알코올,phenethyl_alcohol,phenethyl alcohol,phenethyl alcohol,"floral, roses 계열 향/풍미; 기원: Yeast; 분류: Alcohol",paper,paper: Supplementary Table S1 (flavor fields),direct,2026-01-22
chemical,효모(Yeast) / 페놀,X4VG,4-vinylguaiacol,4-비닐 가이아콜,"clove, smoky, spicy, phenolic, vanilla 계열 향/풍미; 기원: Yeast, Wood; 분류: Phenol",paper,paper: Supplementary Table S1 (flavor fields),direct,2026-01-22
chemical,효모(Yeast) / 황(설퍼) 화합물,SO2.mg.L.,sulfur dioxide,이산화황(SO₂),"sulfytic, burnt matchsticks 계열 향/풍미; 기원: Yeast; 분류: Sulfur compound",paper,paper: Supplementary Table S1 (flavor fields),direct,2026-01-22
chemical,야생미생물/세균(Wild flora) / 산(유기산),acetic_acid.g.L.,acetic acid,아세트산,"vinegar 계열 향/풍미; 기원: Bacteria; 분류: Acid; 휘발산(식초 노트), 특정 사워/야생발효 스타일에서 특징",paper,paper: Supplementary Table S1 (flavor fields),direct,2026-01-22
chemical,맥아(Malt) / 무기성분,ammonia.mg.L.,ammonia,ammonia,sour 계열 향/풍미; 기원: Malt; 분류: Inorganic,paper,paper: Supplementary Table S1 (flavor fields),direct,2026-01-22
chemical,맥아(Malt) / 기타(물성/집계),color.EBC.,color (EBC),색도(EBC),"향/풍미: 맥주 색도(유럽 표준, EBC) — 맥아 로스팅/카라멜화 정도의 간접 지표 (beer color (EBC)). 맥주에서 값이 높을수록 일반적으로 로스티드/카라멜/토스트 계열 맥아 풍미 기대치가 커짐(스타일 예외는 존재)",webdb,"web/DB: Oxford Companion to Beer(color/EBC), WSET EBC color guide",direct,2026-01-22
chemical,효모(Yeast) / 탄수화물/당,betaglucan.mg.L.,betaglucan,베타-글루칸(β-glucan),"향/풍미: 점도 증가·끈적/슬리미(slime) 마우스필을 유발할 수 있는 다당류 (β-glucans (viscosity, slimy mouthfeel)). 맥주에서 농도가 높으면 점도↑, 여과/헤이즈 문제 및 슬리미한 질감을 유발할 수 있음",webdb,"web/DB: Springer(β-glucans vs dextrins mouthfeel), Wiley(haze: proteins/polyphenols/β-glucans)",direct,2026-01-22
chemical,야생미생물/세균(Wild flora) / 산(유기산),lactic_acid.mg.L.,lactic acid,젖산,"acidic, neutral, pleasant sour 계열 향/풍미; 기원: Bacteria; 분류: Acid; 사워 계열 산미(tart)·요거트 노트",paper,paper: Supplementary Table S1 (flavor fields),direct,2026-01-22
chemical,효모(Yeast) / 탄수화물/당,glycerol,glycerol,글리세롤,"sweet 계열 향/풍미; 기원: Yeast; 분류: Carbohydrate; 효모 대사 산물, 점도/바디감과 은은한 단맛",paper,paper: Supplementary Table S1 (flavor fields),direct,2026-01-22
chemical,맥아(Malt) / 무기성분,iron,Iron,Iron,metallic 계열 향/풍미; 기원: Malt; 분류: Inorganic,paper,paper: Supplementary Table S1 (flavor fields),direct,2026-01-22
chemical,계산/집계(Computed) / 기타(물성/집계),pH,pH,pH(산도),"향/풍미: 산미/상큼함과 관능 밸런스에 영향을 주는 산도 지표 (acidity / taste balance (beer pH)). 맥주에서 pH가 높아지면 쓴맛 지각이 증가할 수 있고, 유기산이 높아지면 사워/타트한 산미가 강화됨",webdb,"web/DB: MDPI(beer taste perception; pH–bitterness), SciDirect(beer pH range/acidic flavor)",direct,2026-01-22
chemical,효모(Yeast) / 기타(물성/집계),protein.g.L.,protein,단백질,"향/풍미: 거품 안정성과 마우스필에 기여하는 맥아 유래 단백질/펩타이드 (beer proteins/peptides (foam stability, mouthfeel)). 맥주에서 단백질/펩타이드는 iso-α acids 등과 상호작용하여 거품 안정성(foam stability)에 크게 기여함",webdb,web/DB: PMC(beer foam stability proteins/peptides),direct,2026-01-22
chemical,홉(Hops) / 산(유기산),bitterness,iso-α acids,이소-알파 산,bitter 계열 향/풍미; 기원: Hops; 분류: Acid; 홉 유래 쓴맛의 핵심(비터니스/IBU),paper,paper: Supplementary Table S1 (flavor fields),direct,2026-01-22
chemical,맥아(Malt) / 탄수화물/당,GFS,sugars,당류(GFS),sweet 계열 향/풍미; 기원: Malt; 분류: Carbohydrate,paper,paper: Supplementary Table S1 (flavor fields),direct,2026-01-22
chemical,효모(Yeast) / 알코올,ethanol..v.v.,ethanol,에탄올,"warming, strong, alcoholic 계열 향/풍미; 기원: Yeast; 분류: Alcohol; 알코올 도수(ABV) 및 휘발성 향 방출/바디감에 큰 영향",paper,paper: Supplementary Table S1 (flavor fields),direct,2026-01-22
chemical,효모(Yeast) / 산(유기산),CO2.PSI.,carbon dioxide,이산화탄소(CO₂),sour 계열 향/풍미; 기원: Yeast; 분류: Acid,paper,paper: Supplementary Table S1 (flavor fields),direct,2026-01-22
chemical,맥아(Malt) / 기타(물성/집계),unfermentables,unfermentables,비발효성 당,향/풍미: 비발효성 당(덱스트린 등) — 바디감/잔당감에 기여 (unfermentable extract (dextrins)). 맥주에서 단맛 자체는 강하지 않지만 잔당/점도 형태로 바디감과 mouthfeel을 증가시키는 방향으로 작용,webdb,"web/DB: Springer(dextrins palate fullness), Malteurop(dextrin/unfermentable sugars body)",direct,2026-01-22
chemical,효모(Yeast) / 기타(물성/집계),kcalperc,Caloric value,칼로리 값(열량),"향/풍미: 열량(에너지) 지표 — 알코올·잔당/덱스트린·글리세롤 등과 연동 (caloric value (energy content)). 맥주에서 직접적인 향기 성분이라기보다, 알코올/잔당량과 함께 '바디감' 인상과 간접적으로 동행하는 경우가 많음",webdb,web/DB: General nutrition calculation concept (beer calories correlate with alcohol & residual extract) - web/DB secondary,inferred,2026-01-22
chemical,효모(Yeast) / 알코올,X1.propanol,1-propanol,1-propanol,"alcoholic, solvent-like 계열 향/풍미; 기원: Yeast; 분류: Alcohol",paper,paper: Supplementary Table S1 (flavor fields),direct,2026-01-22
chemical,효모(Yeast) / 케톤,X2.3.butanedione,"2,3-butanedione","디아세틸(2,3-부탄디온)","butterscotch, buttery 계열 향/풍미; 기원: Yeast, Aging; 분류: Ketone",paper,paper: Supplementary Table S1 (flavor fields),direct,2026-01-22
chemical,맥아(Malt) / 알코올,X3.methylbutanal,3-methylbutanal,3-methylbutanal,"malt, cherry, almond, chocolate 계열 향/풍미; 기원: Malt, Aging; 분류: Alcohol",paper,paper: Supplementary Table S1 (flavor fields),direct,2026-01-22
chemical,기타(숙성/향신료/첨가) / 기타(물성/집계),propylene.glycol,propylene glycol,프로필렌 글라이콜,"향/풍미: 거의 무취이며 약한 단맛(및 약한 쓴맛) — 주로 용매/캐리어 성격 (nearly odorless; faintly sweet taste (propylene glycol)). 맥주에서 향기 성분이라기보다 용매/점도 성분으로 작동하며, 관능적으로는 중립적 성향",webdb,web/DB: Wikipedia(propylene glycol sweet taste/odorless) + PMC(taste slightly sweet; PG also bitter),direct,2026-01-22
chemical,효모(Yeast) / 에스터,propyl.acetate,n-propyl acetate,n-propyl acetate,"solvent, sweet, perfumed 계열 향/풍미; 기원: Yeast; 분류: Ester",paper,paper: Supplementary Table S1 (flavor fields),direct,2026-01-22
chemical,효모(Yeast) / 알코올,n.pentanol,n-pentanol,n-pentanol,"sweet, aromatic, perfumed 계열 향/풍미; 기원: Yeast; 분류: Alcohol",paper,paper: Supplementary Table S1 (flavor fields),direct,2026-01-22
chemical,효모(Yeast) / 알코올,X2.methyl.1.butanol,2-methyl-1-butanol,2-methyl-1-butanol,"malty, alcoholic, banana 계열 향/풍미; 기원: Yeast; 분류: Alcohol",paper,paper: Supplementary Table S1 (flavor fields),direct,2026-01-22
chemical,효모(Yeast) / 에스터,isopentyl.formate,isopentyl formate,isopentyl formate,"plum, solvent-like 계열 향/풍미; 기원: Yeast; 분류: Ester",paper,paper: Supplementary Table S1 (flavor fields),direct,2026-01-22
chemical,효모(Yeast) / 에스터,ethyl.isobutyrate,ethyl isobutyrate,ethyl isobutyrate,"apple, sweet, citrus, fruity 계열 향/풍미; 기원: Yeast; 분류: Ester",paper,paper: Supplementary Table S1 (flavor fields),direct,2026-01-22
chemical,효모(Yeast) / 알데하이드,X3.methyl.2.butenal,3-methyl-2-butenal,3-methyl-2-butenal,"fruity, nutty 계열 향/풍미; 기원: Yeast; 분류: Aldehyde",paper,paper: Supplementary Table S1 (flavor fields),direct,2026-01-22
chemical,맥아(Malt) / 케톤,X2.methyltetrahydrofuran.3.one,2-methyltetrahydrofuran-3-one,2-methyltetrahydrofuran-3-one,"bready, nutty 계열 향/풍미; 기원: Malt, Aging; 분류: Ketone",paper,paper: Supplementary Table S1 (flavor fields),direct,2026-01-22
chemical,효모(Yeast) / 에스터,ethyl.butyrate,ethyl butyrate,ethyl butyrate,"papaya, butter, sweet, fruity 계열 향/풍미; 기원: Yeast; 분류: Ester",paper,paper: Supplementary Table S1 (flavor fields),direct,2026-01-22
chemical,효모(Yeast) / 에스터,butyl.acetate,butyl acetate,butyl acetate,"solvent-like, banana, acetone, sweet 계열 향/풍미; 기원: Yeast; 분류: Ester",paper,paper: Supplementary Table S1 (flavor fields),direct,2026-01-22
chemical,맥아(Malt) / 피라진(로스티/견과),methylpyrazine,methylpyrazine,methylpyrazine,"nutty, roasted, musty 계열 향/풍미; 기원: Malt; 분류: Pyrazine",paper,paper: Supplementary Table S1 (flavor fields),direct,2026-01-22
chemical,맥아(Malt) / 알데하이드,furfural,furfural,furfural,"caramel, bread 계열 향/풍미; 기원: Malt, Aging, Wood; 분류: Aldehyde",paper,paper: Supplementary Table S1 (flavor fields),direct,2026-01-22
chemical,효모(Yeast) / 에스터,ethyl.lactate,ethyl lactate,ethyl lactate,"strawberry, raspberry 계열 향/풍미; 기원: Yeast, Aging; 분류: Ester",paper,paper: Supplementary Table S1 (flavor fields),direct,2026-01-22
chemical,홉(Hops) / 알코올,X3Z.hexenol,cis-3-hexenol,cis-3-hexenol,"green, grassy 계열 향/풍미; 기원: Hops; 분류: Alcohol",paper,paper: Supplementary Table S1 (flavor fields),direct,2026-01-22
chemical,효모(Yeast) / 알코올,n.hexanol,n-hexanol,n-hexanol,"coconut, fruity, green 계열 향/풍미; 기원: Yeast; 분류: Alcohol",paper,paper: Supplementary Table S1 (flavor fields),direct,2026-01-22
chemical,효모(Yeast) / 기타(물성/집계),styrene,styrene,styrene,"balsamic, sweet, plastic 계열 향/풍미; 기원: Yeast; 분류: Miscellaneous",paper,paper: Supplementary Table S1 (flavor fields),direct,2026-01-22
chemical,기타(숙성/향신료/첨가) / 알코올,X2.furanmethanol,furfuryl alcohol,furfuryl alcohol,"sugar cane, woody 계열 향/풍미; 기원: Aging; 분류: Alcohol",paper,paper: Supplementary Table S1 (flavor fields),direct,2026-01-22
chemical,효모(Yeast) / 알코올,X3.methyl.2.hexanol,3-methyl-2-hexanol,3-메틸-2-헥사놀,"향/풍미: 와이니(winey)·알코올릭 + 그린 노트(유사 알코올 기반; 근거 제한) (winey / alcoholic (inferred from 2-hexanol)). 맥주에서 직접 기술이 제한적이라, 유사 2-hexanol의 winey odor를 참고해 보수적으로 기술",webdb,web/DB: The Good Scents Company(2-hexanol: winey) (analog),inferred,2026-01-22
chemical,맥아(Malt) / 알코올,X3.furanmethanol,3-furanmethanol,푸르푸릴 알코올(3-푸란메탄올),"향/풍미: 카라멜·빵·커피·토스트(로스티) 계열 (caramel/bready/coffee (furfuryl alcohol)). 맥주에서 마이야르/열 반응 계열 성분으로, 토스트·카라멜 같은 '브라운' 노트에 연결됨",webdb,"web/DB: The Good Scents Company(furfuryl alcohol odor/flavor), PMC(brown sugar: furfuryl alcohol caramel/toast)",direct,2026-01-22
chemical,맥아(Malt) / 푸란/마이야르계,X2.acetylfuran,2-acetylfuran,2-acetylfuran,"almond, rubber, burnt 계열 향/풍미; 기원: Malt, Aging; 분류: Furan",paper,paper: Supplementary Table S1 (flavor fields),direct,2026-01-22
chemical,맥아(Malt) / 피라진(로스티/견과),X2.6.dimethyl.pyrazine,"2,6-dimethylpyrazine","2,6-dimethylpyrazine","ethereal, cocoa, nutty 계열 향/풍미; 기원: Malt; 분류: Pyrazine",paper,paper: Supplementary Table S1 (flavor fields),direct,2026-01-22
chemical,효모(Yeast) / 에스터,amyl.acetate,amyl acetate,amyl acetate,"fruity, pear, banana 계열 향/풍미; 기원: Yeast; 분류: Ester",paper,paper: Supplementary Table S1 (flavor fields),direct,2026-01-22
chemical,효모(Yeast) / 에스터,ethyl.tiglate,ethyl tiglate,ethyl tiglate,"fruity, berry, tutti frutti 계열 향/풍미; 기원: Yeast; 분류: Ester",paper,paper: Supplementary Table S1 (flavor fields),direct,2026-01-22
chemical,효모(Yeast) / 알데하이드,benzaldehyde,benzaldehyde,benzaldehyde,"almond, fruity cherry 계열 향/풍미; 기원: Yeast, Aging; 분류: Aldehyde",paper,paper: Supplementary Table S1 (flavor fields),direct,2026-01-22
chemical,맥아(Malt) / 알데하이드,X5.methylfurfural,5-methylfurfural,5-methylfurfural,"almond, marzipan 계열 향/풍미; 기원: Malt, Wood; 분류: Aldehyde",paper,paper: Supplementary Table S1 (flavor fields),direct,2026-01-22
chemical,효모(Yeast) / 알코올,n.heptanol,n-heptanol,n-heptanol,"coconut, solvent 계열 향/풍미; 기원: Yeast; 분류: Alcohol",paper,paper: Supplementary Table S1 (flavor fields),direct,2026-01-22
chemical,효모(Yeast) / 알코올,X1.octen.3.ol,1-octen-3-ol,1-octen-3-ol,"green, earthy, mushroom, metallic 계열 향/풍미; 기원: Yeast; 분류: Alcohol",paper,paper: Supplementary Table S1 (flavor fields),direct,2026-01-22
chemical,기타(숙성/향신료/첨가) / 황(설퍼) 화합물,X3.methylthio.propanol,methionol,methionol,potato 계열 향/풍미; 기원: Aging; 분류: Sulfur compound,paper,paper: Supplementary Table S1 (flavor fields),direct,2026-01-22
chemical,맥아(Malt) / 푸란/마이야르계,isomaltol,isomaltol,isomaltol,"caramel, burnt 계열 향/풍미; 기원: Malt; 분류: Furan",paper,paper: Supplementary Table S1 (flavor fields),direct,2026-01-22
chemical,효모(Yeast) / 케톤,X6.methyl.5.hepten.2.one,methyl heptenone,methyl heptenone,"citrus, fruity 계열 향/풍미; 기원: Yeast; 분류: Ketone",paper,paper: Supplementary Table S1 (flavor fields),direct,2026-01-22
chemical,맥아(Malt) / 푸란/마이야르계,X2.pentyl.furan,2-pentyl furan,2-pentyl furan,"fruity, green, metallic 계열 향/풍미; 기원: Malt; 분류: Furan",paper,paper: Supplementary Table S1 (flavor fields),direct,2026-01-22
chemical,효모(Yeast) / 에스터,ethyl.hex..3E..enoate,ethyl 3-hexenoate,ethyl 3-hexenoate,"green, fruity 계열 향/풍미; 기원: Yeast; 분류: Ester",paper,paper: Supplementary Table S1 (flavor fields),direct,2026-01-22
chemical,홉(Hops) / 테르페노이드(홉/향료),alpha.phellandrene,α-phellandrene,α-phellandrene,"terpentine, pepper, citrus 계열 향/풍미; 기원: Hops, Spices; 분류: Terpenoid",paper,paper: Supplementary Table S1 (flavor fields),direct,2026-01-22
chemical,홉(Hops) / 테르페노이드(홉/향료),dehydroxy.cis.linalool.oxide,dehydroxy-cis-linalool oxide,데하이드록시 리날룰 옥사이드,"향/풍미: 그린·쿨링 + 스파이시/허브·민트 뉘앙스 (green, cooling, spicy, herbaceous with mint nuance (dehydroxylinalool oxide)). 맥주에서 민트/유칼립투스 계열 구성에 사용된다고 기술됨",webdb,web/DB: The Good Scents Company(dehydroxylinalool oxide odor description),direct,2026-01-22
chemical,효모(Yeast) / 에스터,hexyl.acetate,hexyl acetate,hexyl acetate,"sweet, aromatic, perfumed 계열 향/풍미; 기원: Yeast; 분류: Ester",paper,paper: Supplementary Table S1 (flavor fields),direct,2026-01-22
chemical,효모(Yeast) / 에스터,isopentyl.butanoate,isopentyl butanoate,isopentyl butanoate,"fruity, green, apricot 계열 향/풍미; 기원: Yeast; 분류: Ester",paper,paper: Supplementary Table S1 (flavor fields),direct,2026-01-22
chemical,효모(Yeast) / 알코올,X2.ethyl.1.hexanol,2-ethyl-1-hexanol,2-ethyl-1-hexanol,citrus 계열 향/풍미; 기원: Yeast; 분류: Alcohol,paper,paper: Supplementary Table S1 (flavor fields),direct,2026-01-22
chemical,홉(Hops) / 테르페노이드(홉/향료),beta.phellandrene,β-phellandrene,β-phellandrene,"pine, terpentine, fruity, spicy 계열 향/풍미; 기원: Hops; 분류: Terpenoid",paper,paper: Supplementary Table S1 (flavor fields),direct,2026-01-22
chemical,홉(Hops) / 테르페노이드(홉/향료),limonene,limonene,limonene,"citrus, orange, green, fruity 계열 향/풍미; 기원: Spices, Hops; 분류: Terpenoid",paper,paper: Supplementary Table S1 (flavor fields),direct,2026-01-22
chemical,홉(Hops) / 테르페노이드(홉/향료),eucalyptol,eucalyptol,eucalyptol,herbal 계열 향/풍미; 기원: Hops; 분류: Terpenoid,paper,paper: Supplementary Table S1 (flavor fields),direct,2026-01-22
chemical,홉(Hops) / 알코올,benzyl.alcohol,benzyl alcohol,benzyl alcohol,"almond, bitter, chemical fruity cherry balsamic 계열 향/풍미; 기원: Hops; 분류: Alcohol",paper,paper: Supplementary Table S1 (flavor fields),direct,2026-01-22
chemical,효모(Yeast) / 에스터,ethyl.hex..2E..enoate,ethyl 2-hexenoate,에틸 2-헥세노에이트,"향/풍미: 럼(rum) 같은 톤 + 과일·그린·스위트 (rum-like; fruity, green, sweet (ethyl 2-hexenoate)). 맥주에서 에스터류로 열대과일/사과/베리 계열 톱노트에 사용되는 것으로 보고됨",webdb,web/DB: The Good Scents Company / Perflavory (ethyl 2-hexenoate odor description),direct,2026-01-22
chemical,효모(Yeast) / 알데하이드,phenylacetaldehyde,phenylacetaldehyde,phenylacetaldehyde,"floral, honey 계열 향/풍미; 기원: Yeast, Aging; 분류: Aldehyde",paper,paper: Supplementary Table S1 (flavor fields),direct,2026-01-22
chemical,홉(Hops) / 테르페노이드(홉/향료),X.E..beta.ocimene,E-β-ocimene,E-β-ocimene,"citrus, terpene 계열 향/풍미; 기원: Hops; 분류: Terpenoid",paper,paper: Supplementary Table S1 (flavor fields),direct,2026-01-22
chemical,효모(Yeast) / 에스터,prenyl.isobutyrate,prenyl isobutyrate,prenyl isobutyrate,"fruity, berry 계열 향/풍미; 기원: Yeast; 분류: Ester",paper,paper: Supplementary Table S1 (flavor fields),direct,2026-01-22
chemical,맥아(Malt) / 에스터,ethyl.furoate,ethyl furoate,에틸 푸로에이트,"향/풍미: 자두(plum)·플로럴 톤(문헌) + 푸란 에스터 특유의 달콤/구운 뉘앙스 (plum, floral (reported) + furan ester notes). 맥주에서 푸란계 에스터로 일부 주류(셰리 등) 향 성분 테이블에서 plum/floral로 기술됨",webdb,web/DB: PMC Sherry aroma review (ethyl furoate: plum/floral) + GoodScents(furan esters examples),direct,2026-01-22
chemical,효모(Yeast) / 페놀,ortho.cresol,o-cresol,o-cresol,"phenolic, medicinal 계열 향/풍미; 기원: Yeast; 분류: Phenol",paper,paper: Supplementary Table S1 (flavor fields),direct,2026-01-22
chemical,효모(Yeast) / 에스터,ethyl.5.methylhexanoate,ethyl 5-methylhexanoate,에틸 5-메틸헥사노에이트,"향/풍미: 과일 + 카라멜 톤 (fruity, caramel (ethyl 5-methylhexanoate)). 맥주에서 발효/숙성 향 프로파일에서 과일-달콤(카라멜릭) 방향의 노트로 보고됨",webdb,"web/DB: PMC/Heliyon 2024 (reported as fruity, caramel)",direct,2026-01-22
chemical,맥아(Malt) / 기타,X2.acetylpyrrole,2-acetylpyrrole,2-acetylpyrrole,"walnut, liquorice 계열 향/풍미; 기원: Malt; 분류: Pyrrole",paper,paper: Supplementary Table S1 (flavor fields),direct,2026-01-22
chemical,야생미생물/세균(Wild flora) / 에스터,isoamyl.lactate,isoamyl lactate,isoamyl lactate,fruity 계열 향/풍미; 기원: Bacteria; 분류: Ester,paper,paper: Supplementary Table S1 (flavor fields),direct,2026-01-22
chemical,효모(Yeast) / 알코올,n.octanol,n-octanol,n-octanol,"coconut, walnut, oily 계열 향/풍미; 기원: Yeast; 분류: Alcohol",paper,paper: Supplementary Table S1 (flavor fields),direct,2026-01-22
chemical,홉(Hops) / 테르페노이드(홉/향료),cis.linalool.oxide,cis-linalool oxide,시스 리날룰 옥사이드,"향/풍미: 흙내/우디 + 플로럴·스위트 (earthy, floral, sweet, woody (cis-(Z)-linalool oxide, furanoid)). 맥주에서 홉/식물성 테르펜 산화물 계열로, floral/woody 계열 톱노트에 기여할 수 있음",webdb,web/DB: The Good Scents Company((Z)-linalool oxide furanoid odor),direct,2026-01-22
chemical,홉(Hops) / 테르페노이드(홉/향료),meta.cymenene,meta-cymenene,메타-시멘(m-cymene),"향/풍미: 허브/타임 계열에서 나타나는 시트러스-아로마틱 노트 (citrus-like aromatic (m-cymene)). 맥주에서 홉/허브 오일 구성 성분으로 보고되며, 테르페닉·우디·허브 배경향에 기여 가능",webdb,web/DB: Supplier/chemical factsheets describing m-cymene pleasant citrus-like odor (web),inferred,2026-01-22
chemical,기타(숙성/향신료/첨가) / 테르페노이드(홉/향료),terpinolene,terpinolene,terpinolene,"woody, fruity, piney 계열 향/풍미; 기원: Spices; 분류: Terpenoid",paper,paper: Supplementary Table S1 (flavor fields),direct,2026-01-22
chemical,홉(Hops) / 테르페노이드(홉/향료),linalool,linalool,linalool,"floral, fruity, citrus, rosewood 계열 향/풍미; 기원: Yeast, Hops, Spices; 분류: Terpenoid",paper,paper: Supplementary Table S1 (flavor fields),direct,2026-01-22
chemical,홉(Hops) / 알코올,nonan.2.ol,2-nonanol,2-nonanol,coconut 계열 향/풍미; 기원: Hops; 분류: Alcohol,paper,paper: Supplementary Table S1 (flavor fields),direct,2026-01-22
chemical,효모(Yeast) / 알데하이드,n.nonanal,n-nonanal,n-nonanal,"bitter, astringent, cardboard 계열 향/풍미; 기원: Yeast; 분류: Aldehyde",paper,paper: Supplementary Table S1 (flavor fields),direct,2026-01-22
chemical,맥아(Malt) / 푸란/마이야르계,X2.methyl.benzofuran,2-methyl-benzofuran,2-메틸벤조푸란,"향/풍미: 탄내/토스트 + 페놀릭(훈연·약품 느낌) 노트 (burnt phenolic (2-methylbenzofuran)). 맥주에서 구움/토스팅 과정에서 나타날 수 있는 'toasted' 노트와 연결되며, JECFA 사양에도 burnt phenolic aroma로 기재됨",webdb,web/DB: FAO JECFA specification (burnt phenolic aroma) + The GoodScentsCompany(burnt phenolic),direct,2026-01-22
chemical,효모(Yeast) / 에스터,heptyl.acetate,heptyl acetate,heptyl acetate,"pear, fruity, sweet 계열 향/풍미; 기원: Yeast; 분류: Ester",paper,paper: Supplementary Table S1 (flavor fields),direct,2026-01-22
chemical,효모(Yeast) / 알코올,X4.methyl.1.pentanol,4-methyl-1-pentanol,4-methyl-1-pentanol,nutty 계열 향/풍미; 기원: Yeast; 분류: Alcohol,paper,paper: Supplementary Table S1 (flavor fields),direct,2026-01-22
chemical,홉(Hops) / 테르페노이드(홉/향료),neo.allo.ocimene,neo-allo-ocimene,네오-알로-오시멘,"향/풍미: 시트러스·열대과일 + 그린/테르페닉 노트(ocimene 계열) (citrus/tropical, green, terpenic (ocimene family)). 맥주에서 ocimene(이성질체) 계열은 floral/green 또는 citrus/tropical/woody 노트로 기술됨",webdb,web/DB: The Good Scents Company(ocimene/beta-ocimene odor descriptions),inferred,2026-01-22
chemical,효모(Yeast) / 알코올,x.methyl.1.octanol,x-methyl-1-octanol,메틸-1-옥탄올(이성질체),"향/풍미: 플로럴(로즈)·왁시·시트러스 노트(브랜치드 옥탄올 계열 유사체 기반) (floral/rose, waxy, citrus (branched octanol analog)). 맥주에서 해당 이성질체별 직접 기술이 제한적이라, dimethyl-octanol의 organoleptic 기술을 유사 근거로 사용",webdb,"web/DB: The Good Scents Company(dimethyl octanol: FLORAL, ROSE, WAXY, CITRUS) (analog)",inferred,2026-01-22
chemical,홉(Hops) / 테르페노이드(홉/향료),trans.dihydro.beta.terpineol,trans-dihydro-β-terpineol,트랜스-디하이드로-β-테르피네올,향/풍미: 파인·테르페닉 + 플로럴(라일락) 뉘앙스 (coniferous/floral/pine/terpenic (dihydroterpineol family)). 맥주에서 dihydroterpineol은 pine/terpenic 및 floral(라일락) 노트로 기술됨,webdb,web/DB: The Good Scents Company(dihydroterpineol odor: coniferous/floral/pine/terpenic),inferred,2026-01-22
chemical,홉(Hops) / 테르페노이드(홉/향료),cis.beta.terpineol,cis-β-terpineol,시스-β-테르피네올,"향/풍미: 우디·어시(earthy) + 테르페닉 (pungent woody–earthy (β-terpineol, p-menth-8-en-1-ol)). 맥주에서 모노테르펜 알코올로 woody/earthy 계열 배경향에 기여 가능",webdb,"web/DB: ChemicalBook(β-terpineol: pungent, woody–earthy)",direct,2026-01-22
chemical,효모(Yeast) / 알코올,y.methyl.1.octanol,y-methyl-1-octanol,메틸-1-옥탄올(이성질체),"향/풍미: 플로럴(로즈)·왁시·시트러스 노트(브랜치드 옥탄올 계열 유사체 기반) (floral/rose, waxy, citrus (branched octanol analog)). 맥주에서 해당 이성질체별 직접 기술이 제한적이라, dimethyl-octanol의 organoleptic 기술을 유사 근거로 사용",webdb,"web/DB: The Good Scents Company(dimethyl octanol: FLORAL, ROSE, WAXY, CITRUS) (analog)",inferred,2026-01-22
chemical,기타(숙성/향신료/첨가) / 테르페노이드(홉/향료),camphor,camphor,camphor,"herbal, spicy, woody 계열 향/풍미; 기원: Spices; 분류: Terpenoid",paper,paper: Supplementary Table S1 (flavor fields),direct,2026-01-22
chemical,효모(Yeast) / 에스터,isobutyl.hexanoate,isobutyl hexanoate,isobutyl hexanoate,"fruity, pineapple 계열 향/풍미; 기원: Yeast; 분류: Ester",paper,paper: Supplementary Table S1 (flavor fields),direct,2026-01-22
chemical,홉(Hops) / 테르페노이드(홉/향료),nerol.oxide,nerol oxide,nerol oxide,"green, herbal, narcissus 계열 향/풍미; 기원: Hops; 분류: Terpenoid",paper,paper: Supplementary Table S1 (flavor fields),direct,2026-01-22
chemical,맥아(Malt) / 알데하이드,X.E..2.nonenal,E-2-nonenal,E-2-nonenal,"papery, cardboard, stale 계열 향/풍미; 기원: Malt, Aging; 분류: Aldehyde",paper,paper: Supplementary Table S1 (flavor fields),direct,2026-01-22
chemical,홉(Hops) / 테르페노이드(홉/향료),cis.dihydro.beta.terpineol,cis-dihydro-β-terpineol,시스-디하이드로-β-테르피네올,"향/풍미: 파인·테르페닉 + 라임/우디 (sweet pine, terpenic, lime, woody (dihydroterpineol family)). 맥주에서 dihydroterpineol 계열은 coniferous/floral/pine/terpenic 노트로 기술됨",webdb,web/DB: The Good Scents Company(alpha-dihydroterpineol / dihydroterpineol odor description),inferred,2026-01-22
chemical,효모(Yeast) / 페놀,X4.ethyl.phenol,4-ethyl-phenol,4-ethyl-phenol,"phenolic, smoky 계열 향/풍미; 기원: Yeast, Wood; 분류: Phenol",paper,paper: Supplementary Table S1 (flavor fields),direct,2026-01-22
chemical,기타(숙성/향신료/첨가) / 테르페노이드(홉/향료),isoborneol,isoborneol,이소보르네올,"향/풍미: 솔잎/송진 + 캠퍼(camphor) 계열 (pine, camphoraceous (isoborneol)). 맥주에서 모노테르펜 알코올로, 허브/침엽수·캠퍼 계열 향에 기여",webdb,web/DB: The Good Scents Company(isoborneol: pine camphoraceous),direct,2026-01-22
chemical,효모(Yeast) / 에스터,ethyl.benzoate,ethyl benzoate,ethyl benzoate,"fruity, sweet, wintergreen 계열 향/풍미; 기원: Yeast; 분류: Ester",paper,paper: Supplementary Table S1 (flavor fields),direct,2026-01-22
chemical,효모(Yeast) / 알코올,n.nonanol,n-nonanol,n-nonanol,"coconut, walnut, oily 계열 향/풍미; 기원: Yeast; 분류: Alcohol",paper,paper: Supplementary Table S1 (flavor fields),direct,2026-01-22
chemical,기타(숙성/향신료/첨가) / 테르페노이드(홉/향료),terpinen.4.ol,terpinen-4-ol,terpinen-4-ol,"woody, ceding, menthlic, citrus 계열 향/풍미; 기원: Spices; 분류: Terpenoid",paper,paper: Supplementary Table S1 (flavor fields),direct,2026-01-22
chemical,효모(Yeast) / 에스터,diethyl.succinate,diethyl succinate,diethyl succinate,"Fruity, apples 계열 향/풍미; 기원: Aging, Yeast; 분류: Ester",paper,paper: Supplementary Table S1 (flavor fields),direct,2026-01-22
chemical,효모(Yeast) / 에스터,vinyl.caprylate,vinyl caprylate,비닐 카프릴레이트(비닐 옥타노에이트),"향/풍미: 에틸렌(비닐) 옥타노에이트 — '특유의 향'으로만 기술되는 경우가 많음 (vinyl octanoate (characteristic odor)). 맥주에서 자료에 따라 구체적 향기 기술이 제한적이라, 중장쇄 에스터로서의 약한 과일/왁시 계열 가능성이 있음(근거 제한)",webdb,web/DB: BenchChem tech guide/solubility pages: characteristic odor (limited detail),inferred,2026-01-22
chemical,홉(Hops) / 테르페노이드(홉/향료),X1.alpha.terpineol,1-α-terpineol,1-α-terpineol,"pine, floral 계열 향/풍미; 기원: Hops, Yeast; 분류: Terpenoid",paper,paper: Supplementary Table S1 (flavor fields),direct,2026-01-22
chemical,홉(Hops) / 테르페노이드(홉/향료),ethyl..E..linalool,ethyl linalool,ethyl linalool,"Bergamot, floral 계열 향/풍미; 기원: Hops; 분류: Terpenoid",paper,paper: Supplementary Table S1 (flavor fields),direct,2026-01-22
chemical,효모(Yeast) / 에스터,ethyl.nicotinate,ethyl nicotinate,ethyl nicotinate,"grainy, medicinal, stale 계열 향/풍미; 기원: Yeast, Aging; 분류: Ester",paper,paper: Supplementary Table S1 (flavor fields),direct,2026-01-22
chemical,홉(Hops) / 테르페노이드(홉/향료),citronellol,citronellol,시트로넬롤,"floral, citrus, roses 계열 향/풍미; 기원: Hops, Spices; 분류: Terpenoid",paper,paper: Supplementary Table S1 (flavor fields),direct,2026-01-22
chemical,홉(Hops) / 테르페노이드(홉/향료),nerol,nerol,nerol,"floral, citrus, roses 계열 향/풍미; 기원: Hops; 분류: Terpenoid",paper,paper: Supplementary Table S1 (flavor fields),direct,2026-01-22
chemical,맥아(Malt) / 알데하이드,hydroxy.methyl.furfural,5-hydroxymethylfurfural,5-hydroxymethylfurfural,"stale, vegetable oil, paper 계열 향/풍미; 기원: Malt; 분류: Aldehyde",paper,paper: Supplementary Table S1 (flavor fields),direct,2026-01-22
chemical,홉(Hops) / 테르페노이드(홉/향료),E.ocimenone,ocimenone,오시메논,향/풍미: 아로마틱-프루티(특히 Tagetes oil에서 'strong aromatic-fruity')로 기술 (aromatic-fruity (ocimenone in Tagetes oil)). 맥주에서 Tagetes(메리골드) 오일의 주요 성분으로 과일향 효과(fruity effect)에 사용된다고 기술됨,webdb,web/DB: Tagetes oil description (ocimenone included; aromatic-fruity oil),inferred,2026-01-22
chemical,기타(숙성/향신료/첨가) / 알데하이드,cumin.aldehyde,cuminaldehyde,cuminaldehyde,cumin seed 계열 향/풍미; 기원: Spices; 분류: Aldehyde,paper,paper: Supplementary Table S1 (flavor fields),direct,2026-01-22
chemical,효모(Yeast) / 에스터,ethyl.phenylacetate,ethyl phenylacetate,에틸 페닐아세테이트,"honey, roses, floral 계열 향/풍미; 기원: Aging, Yeast; 분류: Ester",paper,paper: Supplementary Table S1 (flavor fields),direct,2026-01-22
chemical,효모(Yeast) / 에스터,isopentyl.hexanoate,isopentyl hexanoate,isopentyl hexanoate,"fruity, banana, pineapple 계열 향/풍미; 기원: Yeast; 분류: Ester",paper,paper: Supplementary Table S1 (flavor fields),direct,2026-01-22
chemical,홉(Hops) / 테르페노이드(홉/향료),geraniol,geraniol,게라니올,"floral, citrus, roses 계열 향/풍미; 기원: Hops; 분류: Terpenoid",paper,paper: Supplementary Table S1 (flavor fields),direct,2026-01-22
chemical,홉(Hops) / 테르페노이드(홉/향료),beta.cyclohomocitral,β-cyclohomocitral,β-사이클로호모시트랄,향/풍미: 캠퍼러스(camphoreous) + 쿨링(cooling) 노트 (camphoreous odor; cooling flavor (β-homocyclocitral)). 맥주에서 모노테르펜 알데하이드 계열로 쿨링/허브-캠퍼 인상에 연결됨,webdb,web/DB: The Good Scents Company(beta-homocyclocitral),direct,2026-01-22
chemical,기타(숙성/향신료/첨가) / 알데하이드,E.cinnamaldehyde,cinnamaldehyde,cinnamaldehyde,"cinnamon, sweet 계열 향/풍미; 기원: Spices; 분류: Aldehyde",paper,paper: Supplementary Table S1 (flavor fields),direct,2026-01-22
chemical,효모(Yeast) / 알코올,n.decanol,n-decanol,n-decanol,"coconut, walnut, oily 계열 향/풍미; 기원: Yeast; 분류: Alcohol",paper,paper: Supplementary Table S1 (flavor fields),direct,2026-01-22
chemical,홉(Hops) / 테르페노이드(홉/향료),neryl.formate,neryl formate,neryl formate,"floral, rose, herbal 계열 향/풍미; 기원: Hops; 분류: Terpenoid",paper,paper: Supplementary Table S1 (flavor fields),direct,2026-01-22
chemical,효모(Yeast) / 페놀,X4.ethyl.guaiacol,4-ethyl-guaiacol,4-ethyl-guaiacol,"phenolic, medicinal, spicy, woody, bacon 계열 향/풍미; 기원: Yeast, Wood; 분류: Phenol",paper,paper: Supplementary Table S1 (flavor fields),direct,2026-01-22
chemical,홉(Hops) / 케톤,X2.undecanone,2-undecanone,2-undecanone,"varnish, bitter, green, geranium 계열 향/풍미; 기원: Hops, Yeast; 분류: Ketone",paper,paper: Supplementary Table S1 (flavor fields),direct,2026-01-22
chemical,홉(Hops) / 테르페노이드(홉/향료),trans.dihydro.alpha.terpinyl.acetate,trans-dihydro-α-terpinyl acetate,트랜스-디하이드로-α-테르피닐 아세테이트,"향/풍미: 파인·시트러스·우디·라임/코롱 느낌 (pine, citrus, woody, lime, cologne-like (dihydroterpinyl acetate)). 맥주에서 테르펜 아세테이트로 '코롱/시트러스-파인' 톱노트에 기여",webdb,web/DB: The Good Scents Company(dihydroterpinyl acetate odor description),direct,2026-01-22
chemical,홉(Hops) / 테르페노이드(홉/향료),terpinen.4.ol.acetate,terpinen-4-ol acetate,터피넨-4-일 아세테이트,"향/풍미: 파인/허브 계열(terpinen-4-ol의 pine odor 기반) + 약한 에스터 스위트 (pine/herbal (inferred from terpinen-4-ol) + sweet ester nuance). 맥주에서 terpinen-4-ol은 pine odor로 기술되며, acetate 에스터화는 더 부드럽고 달콤한 허브/코롱 방향으로 이동하는 경향",webdb,web/DB: PubChem(terpinen-4-ol pine odor) + GoodScents(terpinyl acetate/dihydroterpinyl acetate profiles),inferred,2026-01-22
chemical,홉(Hops) / 알코올,X2.undecanol,2-undecanol,2-undecanol,"perfumed, sweet, coconut, varnish, musty 계열 향/풍미; 기원: Hops; 분류: Alcohol",paper,paper: Supplementary Table S1 (flavor fields),direct,2026-01-22
chemical,홉(Hops) / 테르페노이드(홉/향료),delta.terpinyl.acetate,terpiryl acetate,터피릴(테르피닐) 아세테이트,향/풍미: 베르가못·라벤더·파인 + 달콤한 허브/플로럴 (sweet herbal; bergamot/pine/lavender/floral (terpinyl/terpineol acetate mixture)). 맥주에서 테르펜 아세테이트로 '향 고정 + 톱노트' 성격의 허브/시트러스 인상을 부여,webdb,web/DB: The Good Scents Company(terpineol acetate / terpinyl acetate odor),direct,2026-01-22
chemical,효모(Yeast) / 알데하이드,X.E.E..2.4.decadienal,"E,E-2,4-decadienal","E,E-2,4-decadienal","oily, rancid, papery 계열 향/풍미; 기원: Aging, Yeast; 분류: Aldehyde",paper,paper: Supplementary Table S1 (flavor fields),direct,2026-01-22
chemical,홉(Hops) / 테르페노이드(홉/향료),methyl.geranate,methyl geranate,methyl geranate,"waxy, green, fruity, floral 계열 향/풍미; 기원: Hops; 분류: Terpenoid",paper,paper: Supplementary Table S1 (flavor fields),direct,2026-01-22
chemical,홉(Hops) / 테르페노이드(홉/향료),car.3.en.2.one,car-3-en-2-one,카르-3-엔-2-온,"향/풍미: 스위트·펑전트 + 침엽수/우디(3-carene 계열 기반) (sweet, pungent; fir-needle/musky-earth/woodland (carene family)). 맥주에서 carene이 fir needle/우디·머스키 흙내로 기술되며, carene 유도체(oxygenated monoterpene)도 유사한 침엽수/우디 방향으로 보고될 가능성이 있음(근거 제한)",webdb,web/DB: Wikipedia/PubChem(3-carene odor) + general terpene ketone aroma notes (limited),inferred,2026-01-22
chemical,홉(Hops) / 테르페노이드(홉/향료),dimethoxy..E..citral,dimethoxy-E-citral,시트랄 디메틸 아세탈(디메톡시-시트랄),"향/풍미: 시트러스·버베나(레몬) — citral보다 부드러운 레몬향 (citrus, verbena/lemon (citral dimethyl acetal)). 맥주에서 모노테르펜 계열의 레몬/시트러스 톱노트에 기여",webdb,web/DB: The Good Scents Company(citral dimethyl acetal odor description),direct,2026-01-22
chemical,효모(Yeast) / 에스터,X2.butyloctanoate,2-butyl octanoate,2-butyl octanoate,buttery 계열 향/풍미; 기원: Yeast; 분류: Ester,paper,paper: Supplementary Table S1 (flavor fields),direct,2026-01-22
chemical,기타(숙성/향신료/첨가) / 알데하이드,X4.methoxysalicylaldehyde,4-methoxysalicylaldehyde,4-methoxysalicylaldehyde,vanilla 계열 향/풍미; 기원: Spices; 분류: Aldehyde,paper,paper: Supplementary Table S1 (flavor fields),direct,2026-01-22
chemical,기타(숙성/향신료/첨가) / 에스터,ethyl.hydrocinnamate,ethyl hydrocinnamate,ethyl hydrocinnamate,floral 계열 향/풍미; 기원: Spices; 분류: Ester,paper,paper: Supplementary Table S1 (flavor fields),direct,2026-01-22
chemical,효모(Yeast) / 테르페노이드(홉/향료),eugenol,eugenol,eugenol,"clove, sweet, dentist 계열 향/풍미; 기원: Spices, Yeast, Wood; 분류: Terpenoid",paper,paper: Supplementary Table S1 (flavor fields),direct,2026-01-22
chemical,효모(Yeast) / 케톤,gamma.nonalactone,gamma-nonalactone,gamma-nonalactone,"coconut, vanilla, glue 계열 향/풍미; 기원: Aging, Yeast; 분류: Ketone",paper,paper: Supplementary Table S1 (flavor fields),direct,2026-01-22
chemical,기타(숙성/향신료/첨가) / 테르페노이드(홉/향료),methyl.para.anisate,methyl para-anisate,메틸 p-아니세이트,향/풍미: 아니스(회향)·달콤·바닐라/초콜릿 뉘앙스 (anise; sweet; vanilla/spicy (methyl p-anisate)). 맥주에서 향신료(아니스) 계열의 sweet-spicy 노트에 연결되는 방향으로 기술됨,webdb,web/DB: The Good Scents Company(methyl p-anisate odor list) + Sigma-Aldrich(anise-like aroma),direct,2026-01-22
chemical,홉(Hops) / 케톤,X.E..beta.damascenone,E-β-damascenone,E-β-damascenone,"apple, honey, fruity 계열 향/풍미; 기원: Hops, Aging; 분류: Ketone",paper,paper: Supplementary Table S1 (flavor fields),direct,2026-01-22
chemical,효모(Yeast) / 에스터,ethyl..9..decenoate,ethyl 9-decenoate,에틸 9-데세노에이트,"향/풍미: 과일(fruity) + 지방감/오일리(fatty) 노트 (fruity, fatty (ethyl 9-decenoate)). 맥주에서 중장쇄 불포화 에스터로 과일향에 지방/왁시한 뉘앙스를 더할 수 있음",webdb,web/DB: The Good Scents Company(ethyl 9-decenoate odor description),direct,2026-01-22
chemical,효모(Yeast) / 페놀,vanillin,vanillin,vanillin,"vanilla, sweet 계열 향/풍미; 기원: Yeast, Spices, Wood; 분류: Phenol",paper,paper: Supplementary Table S1 (flavor fields),direct,2026-01-22
chemical,야생미생물/세균(Wild flora) / 테르페노이드(홉/향료),geosmin,geosmin,geosmin,"earthy, humus 계열 향/풍미; 기원: Bacteria; 분류: Terpenoid",paper,paper: Supplementary Table S1 (flavor fields),direct,2026-01-22
chemical,기타(숙성/향신료/첨가) / 알데하이드,dodecanal,dodecanal,dodecanal,"caprylic, soapy, waxy 계열 향/풍미; 기원: Spices; 분류: Aldehyde",paper,paper: Supplementary Table S1 (flavor fields),direct,2026-01-22
chemical,홉(Hops) / 테르페노이드(홉/향료),X4.8.alpha.epoxy.caryophyllane,"4,8-α-epoxy-caryophyllene","4,8-α-epoxy-caryophyllene","향/풍미: 머스티/우디 + 스파이시·허브(산화된 홉 테르페노이드 계열) (musty, woody, spicy, herbal (oxygenated sesquiterpenoids)). 맥주에서 홉 오일 산화물/산소화 세스퀴테르펜은 'kettle hoppy/noble'의 spicy·herbal 인상과 연관된다고 보고됨",webdb,"web/DB: BrewingScience(oxygenated sesquiterpenoids spicy/herbal), Hop essential oil review(humulene epoxides/caryophyllene oxide musty/floral/spicy), Hop & Brew School PDF(humulene oxide/caryophyllene oxide musty/floral/spicy/woody)",inferred,2026-01-22
chemical,홉(Hops) / 테르페노이드(홉/향료),E.caryophyllene,caryophyllene,caryophyllene,"woody, spicy, floral 계열 향/풍미; 기원: Hops; 분류: Terpenoid",paper,paper: Supplementary Table S1 (flavor fields),direct,2026-01-22
chemical,홉(Hops) / 테르페노이드(홉/향료),X.E..alpha.ionone,E-α-ionone,E-α-ionone,"floral, violet 계열 향/풍미; 기원: Hops; 분류: Terpenoid",paper,paper: Supplementary Table S1 (flavor fields),direct,2026-01-22
chemical,기타(숙성/향신료/첨가) / 에스터,perillyl.acetate,perillyl acetate,perillyl acetate,"fruiy, geranium, herbal, spicy, floral 계열 향/풍미; 기원: Spices; 분류: Ester",paper,paper: Supplementary Table S1 (flavor fields),direct,2026-01-22
chemical,홉(Hops) / 테르페노이드(홉/향료),beta.humulene,β-humulene,β-humulene,"earthy, woody, spicy 계열 향/풍미; 기원: Hops; 분류: Terpenoid",paper,paper: Supplementary Table S1 (flavor fields),direct,2026-01-22
chemical,효모(Yeast) / 에스터,X2.phenyl.ethyl.butyrate,2-phenyl ethyl butyrate,2-phenyl ethyl butyrate,"floral, musty 계열 향/풍미; 기원: Yeast; 분류: Ester",paper,paper: Supplementary Table S1 (flavor fields),direct,2026-01-22
chemical,홉(Hops) / 테르페노이드(홉/향료),X.Z..beta.farnesene,Z-β-farnesene,Z-β-farnesene,"woody, citrus, sweet 계열 향/풍미; 기원: Hops; 분류: Terpenoid",paper,paper: Supplementary Table S1 (flavor fields),direct,2026-01-22
chemical,효모(Yeast) / 에스터,pentyl.octanoate,pentyl octanoate,pentyl octanoate,"earthy, wine 계열 향/풍미; 기원: Yeast; 분류: Ester",paper,paper: Supplementary Table S1 (flavor fields),direct,2026-01-22
chemical,홉(Hops) / 테르페노이드(홉/향료),X.E..beta.farnesene,E-β-farnesene,E-β-farnesene,"woody, citrus, sweet 계열 향/풍미; 기원: Hops; 분류: Terpenoid",paper,paper: Supplementary Table S1 (flavor fields),direct,2026-01-22
chemical,효모(Yeast) / 에스터,X2.methylbutyl.octanoate,2-methylbutyl octanoate,2-메틸부틸 옥타노에이트,"향/풍미: 과일(fruity) + 왁시(waxy) 노트 (fruity, waxy (2-methylbutyl octanoate)). 맥주에서 중장쇄 에스터로 과일향에 왁시/오일리한 질감을 더하는 방향으로 보고됨",webdb,web/DB: PMC (fermented apple musts: fruity & waxy) + Ventos spec sheet (fruity/green/apple/pineapple/waxy for isoamyl octanoate mix),direct,2026-01-22
chemical,홉(Hops) / 테르페노이드(홉/향료),alpha.humulene,α-humulene,α-humulene,"balsamic, floral, grassy, herbal, spicy 계열 향/풍미; 기원: Hops; 분류: Terpenoid",paper,paper: Supplementary Table S1 (flavor fields),direct,2026-01-22
chemical,홉(Hops) / 테르페노이드(홉/향료),neryl.propanoate,neryl propanoate,neryl propanoate,"fruity, berry, jam, floral 계열 향/풍미; 기원: Hops; 분류: Terpenoid",paper,paper: Supplementary Table S1 (flavor fields),direct,2026-01-22
chemical,홉(Hops) / 테르페노이드(홉/향료),X9.epi..E..caryophyllene,9-epi-E-caryophyllene,9-epi-E-caryophyllene,"향/풍미: 머스티/우디 + 스파이시·허브(산화된 홉 테르페노이드 계열) (musty, woody, spicy, herbal (oxygenated sesquiterpenoids)). 맥주에서 홉 오일 산화물/산소화 세스퀴테르펜은 'kettle hoppy/noble'의 spicy·herbal 인상과 연관된다고 보고됨",webdb,"web/DB: BrewingScience(oxygenated sesquiterpenoids spicy/herbal), Hop essential oil review(humulene epoxides/caryophyllene oxide musty/floral/spicy), Hop & Brew School PDF(humulene oxide/caryophyllene oxide musty/floral/spicy/woody)",inferred,2026-01-22
chemical,기타(숙성/향신료/첨가) / 에스터,ethyl..E..cinnamate,ethyl cinnamate,ethyl cinnamate,"fruity, sweet 계열 향/풍미; 기원: Aging, Spices; 분류: Ester",paper,paper: Supplementary Table S1 (flavor fields),direct,2026-01-22
chemical,홉(Hops) / 테르페노이드(홉/향료),linalool.isovalerate,linalyl isovalerate,linalyl isovalerate,"herbal, citrus, bergamot, lavender 계열 향/풍미; 기원: Hops; 분류: Terpenoid",paper,paper: Supplementary Table S1 (flavor fields),direct,2026-01-22
chemical,홉(Hops) / 테르페노이드(홉/향료),alpha.terpinyl.isobutanoate,α-terpinyl isobutanoate,α-테르피닐 이소부티레이트,향/풍미: 플로럴(terpinyl isobutyrate로 기술) (floral odor (terpinyl isobutyrate)). 맥주에서 테르펜 에스터로 꽃향 계열(라일락/플로럴) 톱노트에 기여 가능,webdb,web/DB: The Good Scents Company(terpinyl isobutyrate: floral odor type),direct,2026-01-22
chemical,효모(Yeast) / 알코올,n.dodecanol,n-dodecanol,n-dodecanol,"fatty, coconut, banana 계열 향/풍미; 기원: Yeast; 분류: Alcohol",paper,paper: Supplementary Table S1 (flavor fields),direct,2026-01-22
chemical,홉(Hops) / 테르페노이드(홉/향료),germacrene.D,germacrene D,germacrene D,"woody, spicy 계열 향/풍미; 기원: Hops; 분류: Terpenoid",paper,paper: Supplementary Table S1 (flavor fields),direct,2026-01-22
chemical,홉(Hops) / 테르페노이드(홉/향료),X.E..beta.ionone,E-β-ionone,E-β-ionone,"raspberry, cedar, violets 계열 향/풍미; 기원: Hops; 분류: Terpenoid",paper,paper: Supplementary Table S1 (flavor fields),direct,2026-01-22
chemical,기타(숙성/향신료/첨가) / 테르페노이드(홉/향료),valencene,valencene,valencene,"citrus, green oil, wood 계열 향/풍미; 기원: Spices; 분류: Terpenoid",paper,paper: Supplementary Table S1 (flavor fields),direct,2026-01-22
chemical,홉(Hops) / 테르페노이드(홉/향료),neryl.isobutanoate,neryl isobutanoate,neryl isobutanoate,"fruity, raspberry, strawberry 계열 향/풍미; 기원: Hops; 분류: Terpenoid",paper,paper: Supplementary Table S1 (flavor fields),direct,2026-01-22
chemical,기타(숙성/향신료/첨가) / 테르페노이드(홉/향료),E.methyl.isoeugenol,methyl isoeugenol,methyl isoeugenol,spicy 계열 향/풍미; 기원: Spices; 분류: Terpenoid,paper,paper: Supplementary Table S1 (flavor fields),direct,2026-01-22
chemical,홉(Hops) / 테르페노이드(홉/향료),X.Z..dihydro.apofarnesal,Z-dihydro-apofarnesal,Z-디하이드로-아포파르네살,"향/풍미: 플로럴·알데하이딕(뮤게) + 워터리 (fresh floral aldehydic (dihydrofarnesal)). 맥주에서 이성질체별 차이는 있을 수 있으나, dihydrofarnesal 계열은 플로럴-알데하이딕으로 기술됨",webdb,web/DB: Patent on dihydrofarnesal odor description,inferred,2026-01-22
chemical,기타(숙성/향신료/첨가) / 페놀,butylated.hydroxytoluene,butylated hydroxytoluene,부틸화 하이드록시톨루엔(BHT),향/풍미: 아주 약한 페놀릭(크레졸/머스티) 노트; 항산화제 (slight phenolic (BHT) odor). 맥주에서 산화 억제를 위한 첨가/보존 목적. 향 자체는 매우 약하거나 거의 무취로 보고되기도 함,webdb,web/DB: Wikipedia(BHT odor slight phenolic) + PerfumersWorld(faint phenolic),direct,2026-01-22
chemical,홉(Hops) / 테르페노이드(홉/향료),X.E..dihydro.apofarnesal,E-dihydro-apofarnesal,E-디하이드로-아포파르네살,향/풍미: 플로럴·알데하이딕(뮤게/은방울꽃) + 워터리/오존 (fresh floral aldehydic; lily-of-the-valley; watery/ozone (dihydrofarnesal)). 맥주에서 향료 문헌/특허에서 muguet(은방울꽃)·워터리 플로럴 계열로 기술됨,webdb,web/DB: Patent on dihydrofarnesal odor description,direct,2026-01-22
chemical,홉(Hops) / 테르페노이드(홉/향료),Z.nerolidol,Z-nerolidol,Z-nerolidol,floral 계열 향/풍미; 기원: Hops; 분류: Terpenoid,paper,paper: Supplementary Table S1 (flavor fields),direct,2026-01-22
chemical,기타(숙성/향신료/첨가) / 알데하이드,X.E..ortho.methoxy.cinnamaldehyde,E-ortho-methoxy cinnamaldehyde,E-ortho-methoxy cinnamaldehyde,"spicy, cinnamon, medicinal 계열 향/풍미; 기원: Spices; 분류: Aldehyde",paper,paper: Supplementary Table S1 (flavor fields),direct,2026-01-22
chemical,홉(Hops) / 테르페노이드(홉/향료),alpha.calacorene,α-calacorene,α-calacorene,woody 계열 향/풍미; 기원: Hops; 분류: Terpenoid,paper,paper: Supplementary Table S1 (flavor fields),direct,2026-01-22
chemical,홉(Hops) / 테르페노이드(홉/향료),E.nerolidol,E-nerolidol,E-nerolidol,floral 계열 향/풍미; 기원: Hops; 분류: Terpenoid,paper,paper: Supplementary Table S1 (flavor fields),direct,2026-01-22
chemical,홉(Hops) / 테르페노이드(홉/향료),dihydroisocaryophyllene.epoxide,dihydroisocaryophyllene epoxide,dihydroisocaryophyllene epoxide,"woody, tabacco 계열 향/풍미; 기원: Hops; 분류: Terpenoid",paper,paper: Supplementary Table S1 (flavor fields),direct,2026-01-22
chemical,홉(Hops) / 테르페노이드(홉/향료),caryophyllene.alcohol,caryophyllene alcohol,caryophyllene alcohol,"Spicy, moss, earthy 계열 향/풍미; 기원: Hops; 분류: Terpenoid",paper,paper: Supplementary Table S1 (flavor fields),direct,2026-01-22
chemical,홉(Hops) / 테르페노이드(홉/향료),neryl.isovalerate,neryl isovalerate,neryl isovalerate,"floral, citrus, sage, bergamot 계열 향/풍미; 기원: Hops; 분류: Terpenoid",paper,paper: Supplementary Table S1 (flavor fields),direct,2026-01-22
chemical,기타(숙성/향신료/첨가) / 테르페노이드(홉/향료),spathulenol,spathulenol,spathulenol,"herbal, earthy, fruity 계열 향/풍미; 기원: Spices; 분류: Terpenoid",paper,paper: Supplementary Table S1 (flavor fields),direct,2026-01-22
chemical,홉(Hops) / 테르페노이드(홉/향료),caryophyllene.oxide,caryophyllene oxide,caryophyllene oxide,"woody, cedar, spicy 계열 향/풍미; 기원: Hops; 분류: Terpenoid",paper,paper: Supplementary Table S1 (flavor fields),direct,2026-01-22
chemical,홉(Hops) / 테르페노이드(홉/향료),humulene.epoxide.II,humulene epoxide II,humulene epoxide II,"moldy, cedar, lime, herbal 계열 향/풍미; 기원: Hops; 분류: Terpenoid",paper,paper: Supplementary Table S1 (flavor fields),direct,2026-01-22
chemical,홉(Hops) / 테르페노이드(홉/향료),alloaromadendrene.epoxide,allo-aromadendrene epoxide,allo-aromadendrene epoxide,"향/풍미: 머스티/우디 + 스파이시·허브(산화된 홉 테르페노이드 계열) (musty, woody, spicy, herbal (oxygenated sesquiterpenoids)). 맥주에서 홉 오일 산화물/산소화 세스퀴테르펜은 'kettle hoppy/noble'의 spicy·herbal 인상과 연관된다고 보고됨",webdb,"web/DB: BrewingScience(oxygenated sesquiterpenoids spicy/herbal), Hop essential oil review(humulene epoxides/caryophyllene oxide musty/floral/spicy), Hop & Brew School PDF(humulene oxide/caryophyllene oxide musty/floral/spicy/woody)",inferred,2026-01-22
chemical,홉(Hops) / 테르페노이드(홉/향료),X1.10.di.epi.cubenol,epicubenol,epicubenol,"향/풍미: 머스티/우디 + 스파이시·허브(산화된 홉 테르페노이드 계열) (musty, woody, spicy, herbal (oxygenated sesquiterpenoids)). 맥주에서 홉 오일 산화물/산소화 세스퀴테르펜은 'kettle hoppy/noble'의 spicy·herbal 인상과 연관된다고 보고됨",webdb,"web/DB: BrewingScience(oxygenated sesquiterpenoids spicy/herbal), Hop essential oil review(humulene epoxides/caryophyllene oxide musty/floral/spicy), Hop & Brew School PDF(humulene oxide/caryophyllene oxide musty/floral/spicy/woody)",inferred,2026-01-22
chemical,효모(Yeast) / 에스터,isopropyl.laurate,isopropyl laurate,이소프로필 라우레이트,향/풍미: 저취/거의 무취의 오일리-왁시 성격(지방산 에스터) (low-odor oily/waxy (isopropyl laurate)). 맥주에서 향보다는 mouthfeel/질감에 간접 기여 가능,webdb,web/DB: The Good Scents Company(isopropyl laurate page; organoleptic not listed) + analog fatty esters,inferred,2026-01-22
chemical,홉(Hops) / 테르페노이드(홉/향료),caryophylla.4.12..8.13..dien.5.alpha.ol,"caryophylla-4,8-dien-5-ol","caryophylla-4,8-dien-5-ol","향/풍미: 머스티/우디 + 스파이시·허브(산화된 홉 테르페노이드 계열) (musty, woody, spicy, herbal (oxygenated sesquiterpenoids)). 맥주에서 홉 오일 산화물/산소화 세스퀴테르펜은 'kettle hoppy/noble'의 spicy·herbal 인상과 연관된다고 보고됨",webdb,"web/DB: BrewingScience(oxygenated sesquiterpenoids spicy/herbal), Hop essential oil review(humulene epoxides/caryophyllene oxide musty/floral/spicy), Hop & Brew School PDF(humulene oxide/caryophyllene oxide musty/floral/spicy/woody)",inferred,2026-01-22
chemical,기타(숙성/향신료/첨가) / 테르페노이드(홉/향료),gamma.eudesmol,gamma-eudesmol,gamma-eudesmol,"waxy, sweet 계열 향/풍미; 기원: Spicy; 분류: Terpenoid",paper,paper: Supplementary Table S1 (flavor fields),direct,2026-01-22
chemical,홉(Hops) / 테르페노이드(홉/향료),alpha.muurolol,α-muurolol,α-muurolol,"herbal, honey 계열 향/풍미; 기원: Hops; 분류: Terpenoid",paper,paper: Supplementary Table S1 (flavor fields),direct,2026-01-22
chemical,홉(Hops) / 테르페노이드(홉/향료),X1.2.dihydro.8.hydroxy..2E..linalool,"1,2-dihydro-8-hydroxy-2E-linalool",하이드록시 리날룰 유도체,"향/풍미: 플로럴/시트러스 계열의 산소화 리날룰 유도체(근거 제한) (oxygenated linalool derivative; floral/citrus-like (inferred)). 맥주에서 리날룰 계열 테르펜 알코올은 floral/fruity/citrus/sweet 노트로 기술되며, 하이드록실화 유도체도 유사 방향 가능(근거 제한)",webdb,web/DB: Hop & Brew School PDF(linalool aroma profile) + general terpenoid derivative literature,inferred,2026-01-22
chemical,홉(Hops) / 테르페노이드(홉/향료),tau.cadinol,tau-cadinol,타우-카디놀,"향/풍미: 발사믹·얼시(earthy) (문헌에 따라 타르/캠퍼/그리시로도 기술) (balsamic, earthy (also reported: tar/camphor/greasy in some GC-O studies)). 맥주에서 세스퀴테르펜 알코올 계열로 우디/발사믹 계열 배경향에 기여 가능",webdb,web/DB: The Good Scents Company(T-cadinol: balsamic/earthy) + PMC GC-O table (tau-cadinol: tar/camphor/greasy),direct,2026-01-22
chemical,홉(Hops) / 테르페노이드(홉/향료),selin.11.en.4.alpha.ol,selin-11-en-4α-ol,selin-11-en-4α-ol,"woody, herbal 계열 향/풍미; 기원: Hops; 분류: Terpenoid",paper,paper: Supplementary Table S1 (flavor fields),direct,2026-01-22
chemical,기타(숙성/향신료/첨가) / 테르페노이드(홉/향료),alpha.eudesmol,α-eudesmol,α-eudesmol,"향/풍미: 머스티/우디 + 스파이시·허브(산화된 홉 테르페노이드 계열) (musty, woody, spicy, herbal (oxygenated sesquiterpenoids)). 맥주에서 홉 오일 산화물/산소화 세스퀴테르펜은 'kettle hoppy/noble'의 spicy·herbal 인상과 연관된다고 보고됨",webdb,"web/DB: BrewingScience(oxygenated sesquiterpenoids spicy/herbal), Hop essential oil review(humulene epoxides/caryophyllene oxide musty/floral/spicy), Hop & Brew School PDF(humulene oxide/caryophyllene oxide musty/floral/spicy/woody)",inferred,2026-01-22
chemical,기타(숙성/향신료/첨가) / 테르페노이드(홉/향료),X14.hydroxy.9.epi..E..caryophyllene,14-hydroxy-9-epi-(E)-caryophyllene,14-hydroxy-9-epi-(E)-caryophyllene,"향/풍미: 머스티/우디 + 스파이시·허브(산화된 홉 테르페노이드 계열) (musty, woody, spicy, herbal (oxygenated sesquiterpenoids)). 맥주에서 홉 오일 산화물/산소화 세스퀴테르펜은 'kettle hoppy/noble'의 spicy·herbal 인상과 연관된다고 보고됨",webdb,"web/DB: BrewingScience(oxygenated sesquiterpenoids spicy/herbal), Hop essential oil review(humulene epoxides/caryophyllene oxide musty/floral/spicy), Hop & Brew School PDF(humulene oxide/caryophyllene oxide musty/floral/spicy/woody)",inferred,2026-01-22
chemical,홉(Hops) / 테르페노이드(홉/향료),tau.muurolol,tau-muurolol,tau-muurolol,"spicy, herbal, honey 계열 향/풍미; 기원: Hops; 분류: Terpenoid",paper,paper: Supplementary Table S1 (flavor fields),direct,2026-01-22
chemical,효모(Yeast) / 알코올,n.tetradecanol,n-tetradecanol,n-tetradecanol,"coconut, fruity, waxy 계열 향/풍미; 기원: Yeast; 분류: Alcohol",paper,paper: Supplementary Table S1 (flavor fields),direct,2026-01-22
chemical,기타(숙성/향신료/첨가) / 테르페노이드(홉/향료),foeniculin,foeniculin,포에니큘린(Foeniculin),"향/풍미: 플로럴·스위트 + 허벌/스파이시(아니스 계열) (DB 프로파일) (floral, sweet, herbal, spicy (database profile)). 맥주에서 회향/아니스 계열(foenicul-) 네이밍과 일치하는 sweet-spicy 방향 노트로 보고되는 경우가 있음(근거: DB)",webdb,web/DB: Scent.vn odor profile (AI-derived) (foeniculin E),inferred,2026-01-22
chemical,홉(Hops) / 테르페노이드(홉/향료),cadalene,cadalene,카달렌,"향/풍미: 우디/스파이시/허벌(지표 기반) — 세스퀴테르펜 유래 방향족 (woody, spicy, herbal (profile; low evidence)). 맥주에서 호프/에센셜 오일에서 관찰되는 방향족 구성 성분으로 보고되며, 향 설명은 DB에 따라 편차가 큼",webdb,web/DB: Scent.vn odor profile (AI-derived) + general essential oil occurrence,inferred,2026-01-22
chemical,홉(Hops) / 알코올,X2.3.dihydro.farnesol,"2,3-dihydro-farnesol","2,3-dihydro-farnesol","floral, lily 계열 향/풍미; 기원: Hops; 분류: Alcohol",paper,paper: Supplementary Table S1 (flavor fields),direct,2026-01-22
chemical,홉(Hops) / 테르페노이드(홉/향료),X2E.6Z.farnesal,"E,Z-farnesal","E,Z-farnesal","floral, minty 계열 향/풍미; 기원: Hops; 분류: Terpenoid",paper,paper: Supplementary Table S1 (flavor fields),direct,2026-01-22
chemical,홉(Hops) / 테르페노이드(홉/향료),caryophyllene.acetate,caryophyllene acetate,caryophyllene acetate,"woody, spicy, cedar 계열 향/풍미; 기원: Hops; 분류: Terpenoid",paper,paper: Supplementary Table S1 (flavor fields),direct,2026-01-22
chemical,홉(Hops) / 테르페노이드(홉/향료),X14.hydroxy.alpha.humulene,14-hydroxy-α-humulene,14-hydroxy-α-humulene,"향/풍미: 머스티/우디 + 스파이시·허브(산화된 홉 테르페노이드 계열) (musty, woody, spicy, herbal (oxygenated sesquiterpenoids)). 맥주에서 홉 오일 산화물/산소화 세스퀴테르펜은 'kettle hoppy/noble'의 spicy·herbal 인상과 연관된다고 보고됨",webdb,"web/DB: BrewingScience(oxygenated sesquiterpenoids spicy/herbal), Hop essential oil review(humulene epoxides/caryophyllene oxide musty/floral/spicy), Hop & Brew School PDF(humulene oxide/caryophyllene oxide musty/floral/spicy/woody)",inferred,2026-01-22
chemical,홉(Hops) / 테르페노이드(홉/향료),X2Z.6E.farnesal,"Z,E-farnesal","Z,E-farnesal","floral, minty 계열 향/풍미; 기원: Hops; 분류: Terpenoid",paper,paper: Supplementary Table S1 (flavor fields),direct,2026-01-22
chemical,홉(Hops) / 알코올,X2Z.6Z.farnesol,"Z,Z-farnesol","Z,Z-farnesol",lily 계열 향/풍미; 기원: Hops; 분류: Alcohol,paper,paper: Supplementary Table S1 (flavor fields),direct,2026-01-22
chemical,홉(Hops) / 알코올,X2Z.6E.farnesol,"Z,E-farnesol","Z,E-farnesol",lily 계열 향/풍미; 기원: Hops; 분류: Alcohol,paper,paper: Supplementary Table S1 (flavor fields),direct,2026-01-22
chemical,기타(숙성/향신료/첨가) / 테르페노이드(홉/향료),ambroxide,ambroxide,암브록사이드(Ambroxide),"향/풍미: 앰버그리스(ambergris)·우디·머스키 (dry amber/ambergris; woody; musky). 맥주에서 향 고정(fixative) 성격이 강한 테르페노이드로, 미량에서도 앰버 계열의 잔향을 강화할 수 있음",webdb,web/DB: The Good Scents Company(ambroxide odor description),direct,2026-01-22
chemical,기타(숙성/향신료/첨가) / 에스터,benzyl.benzoate,benzyl benzoate,benzyl benzoate,balsamic 계열 향/풍미; 기원: Additive; 분류: Ester,paper,paper: Supplementary Table S1 (flavor fields),direct,2026-01-22
chemical,홉(Hops) / 테르페노이드(홉/향료),X2E.6E.methyl.farnesoate,"2E,6E-methyl farnesoate","(2E,6E)-메틸 파르네소에이트","향/풍미: 세스퀴테르펜계 에스터 — 플로럴/그린 배경향 가능(근거 제한) (sesquiterpene ester (potential floral/green)). 맥주에서 직접적인 odor descriptor가 제한적이어서, farnesene/farnesol 계열의 플로럴/그린 노트를 참고하여 보수적으로 기술",webdb,web/DB: The Good Scents Company(farnesene woody; dihydrofarnesol floral/green) (analog),inferred,2026-01-22
chemical,효모(Yeast) / 에스터,ethyl.tetradecanoate,ethyl tetradecanoate,ethyl tetradecanoate,"fatty, caprylic 계열 향/풍미; 기원: Yeast; 분류: Ester",paper,paper: Supplementary Table S1 (flavor fields),direct,2026-01-22
chemical,홉(Hops) / 에스터,X2.ethylhexylsalicylate,2-ethylhexylsalicylate,2-ethylhexylsalicylate,floral 계열 향/풍미; 기원: Hops; 분류: Ester,paper,paper: Supplementary Table S1 (flavor fields),direct,2026-01-22
chemical,효모(Yeast) / 에스터,isopropyl.tetradecanoate,isopropyl tetradecanoate,이소프로필 미리스테이트(이소프로필 테트라데카노에이트),향/풍미: 거의 무취(코스메틱 에몰리언트로 'no odor'로 기술) (no odor / bland (isopropyl myristate)). 맥주에서 향기 성분이라기보다 질감/점도·mouthfeel에 기여하는 지방산 에스터,webdb,web/DB: The Good Scents Company(isopropyl myristate: colorless no odor),direct,2026-01-22
chemical,효모(Yeast) / 에스터,ethyl.pentadecanoate,ethyl pentadecanoate,ethyl pentadecanoate,fatty 계열 향/풍미; 기원: Yeast; 분류: Ester,paper,paper: Supplementary Table S1 (flavor fields),direct,2026-01-22
chemical,효모(Yeast) / 에스터,methyl.hexadecanoate,methyl hexadecanoate,메틸 팔미테이트(메틸 헥사데카노에이트),향/풍미: 왁시(waxy)·지방감(fatty) 노트 (waxy odor (methyl palmitate)). 맥주에서 지방산 메틸 에스터로 향은 약하지만 왁시/오일리한 배경 노트로 기술됨,webdb,web/DB: The Good Scents Company(methyl palmitate: waxy odor),direct,2026-01-22
chemical,홉(Hops) / 테르페노이드(홉/향료),Z.Z.geranyl.linalool,"Z,Z-geranyl linalool",제라닐 리날룰,향/풍미: 약한 로즈(rose) 계열의 플로럴(저강도) 노트 (low-intensity floral (rose) (geranyl linalool)). 맥주에서 디테르펜 알코올로 꽃향(로즈) 계열 배경향에 기여,webdb,web/DB: The Good Scents Company(geranyl linalool: floral) + BOCSci(rose odor description),direct,2026-01-22
chemical,효모(Yeast) / 에스터,ethyl.hexadecanoate,ethyl hexadecanoate,ethyl hexadecanoate,"fatty, fruity, sweet, rancid 계열 향/풍미; 기원: Yeast; 분류: Ester",paper,paper: Supplementary Table S1 (flavor fields),direct,2026-01-22
chemical,기타(숙성/향신료/첨가) / 테르페노이드(홉/향료),manool.oxide,manool oxide,마눌 옥사이드(Manool oxide),"향/풍미: 우디·레진(resinous) 계열(diterpene oxide) — 직접 descriptor 제한 (woody/resinous (diterpene oxide; limited)). 맥주에서 manool/diterpene 계열의 산화물로, woody/resinous 배경향 가능성이 높으나 직접 기술은 제한적",webdb,web/DB: GoodScents/Perflavory: organoleptic not listed; analog from manool profile,inferred,2026-01-22
chemical,기타(숙성/향신료/첨가) / 테르페노이드(홉/향료),X13.epi.manool.oxide,13-epi-manool oxide,13-epi-manool oxide,"woody, resinous 계열 향/풍미; 기원: Spices; 분류: Terpenoid",paper,paper: Supplementary Table S1 (flavor fields),direct,2026-01-22
chemical,효모(Yeast) / 에스터,isopropyl.hexadecanoate,isopropyl hexadecanoate,이소프로필 팔미테이트(이소프로필 헥사데카노에이트),향/풍미: 블랜드(bland) — 사실상 무취에 가까운 지방산 에스터 (bland odor (isopropyl palmitate)). 맥주에서 향보다는 질감/점도(에몰리언트) 성격,webdb,web/DB: The Good Scents Company(isopropyl palmitate: odor bland),direct,2026-01-22
chemical,기타(숙성/향신료/첨가) / 테르페노이드(홉/향료),manool,manool,마눌(Manool),향/풍미: 우디·앰버·샌달우드·시더 계열(디테르펜 알코올; DB 프로파일) (woody/amber/sandalwood/cedar (database profile)). 맥주에서 향료/수지(resin) 계열 배경향에 쓰이는 diterpenoid로 기술되는 경우가 있음,webdb,web/DB: Scent.vn odor profile (AI-derived) + BOcSci (epimanool woody/resinous),inferred,2026-01-22
chemical,효모(Yeast) / 에스터,ethyl.octadecanoate,ethyl octadecanoate,ethyl octadecanoate,fatty 계열 향/풍미; 기원: Yeast; 분류: Ester,paper,paper: Supplementary Table S1 (flavor fields),direct,2026-01-22
chemical,효모(Yeast) / 에스터,ethyl.pentanoate,ethyl pentanoate,ethyl pentanoate,"papaya, fruity, apple, sweet 계열 향/풍미; 기원: Yeast; 분류: Ester",paper,paper: Supplementary Table S1 (flavor fields),direct,2026-01-22
chemical,맥아(Malt) / 피라진(로스티/견과),X2.ethyl.3.methylpyrazine,2-ethyl-3-methylpyrazine,2-ethyl-3-methylpyrazine,"nutty, peanut 계열 향/풍미; 기원: Malt; 분류: Pyrazine",paper,paper: Supplementary Table S1 (flavor fields),direct,2026-01-22
chemical,계산/집계(Computed) / 기타,esters_sum,sum of esters,총 에스터(합),"향/풍미: 총 에스터(합) — 과일/꽃향(그리고 과다 시 용제감) 잠재력의 요약치 (sum of esters (fruity/floral potential)). 맥주에서 에스터 계열은 일반적으로 과일/꽃향에 연결되며, 특정 에스터는 고농도에서 solventy 노트가 보고됨",webdb,web/DB: General ester–fruity relation (food aroma literature) + GoodScents ester examples,inferred,2026-01-22
chemical,계산/집계(Computed) / 기타,aroma_hops_sum,sum of hop aroma,총 홉 아로마(합),향/풍미: 총 홉 아로마(합) — 홉 유래 테르펜/산화물 등의 잠재적 향 강도 요약치 (sum of hop-derived aroma volatiles). 맥주에서 홉 오일/테르페노이드는 floral/citrus/herbal/woody 노트에 기여하며 산화물은 'noble/spicy-herbal' 인상과 연관됨,webdb,"web/DB: BrewingScience(hop oxygenated sesquiterpenoids), Hop essential oil review",inferred,2026-01-22
chemical,계산/집계(Computed) / 기타,acids_sum,sum of acids,총 산(합),향/풍미: 총 산(합) — 유기산 총량(산미/사워 인상) 요약치 (sum of organic acids). 맥주에서 젖산·초산 등 유기산이 증가하면 산미가 강화되며 pH와 함께 밸런스를 결정,webdb,web/DB: Beer pH/acid perception literature,inferred,2026-01-22
chemical,계산/집계(Computed) / 기타,sulfur_sum,sum of sulfur compounds,총 황화합물(합),향/풍미: 총 황화합물(합) — 황계 이취(off-flavor) 위험 신호 (sum of sulfur compounds (sulfidic off-flavors)). 맥주에서 DMS/메탄티올 등은 양배추·옥수수·황·고무 같은 이취로 보고되며 총량이 높으면 off-flavor 리스크가 커질 수 있음,webdb,"web/DB: Beverage sulfide off-flavor monitoring (industry), general beer off-flavor references",inferred,2026-01-22
sensory,Aroma / Malt,A_malt_all,Malt aroma,맥아 aroma,훈련 패널(7점 척도) Aroma 범주에서 'Malt aroma' 강도를 정량화한 관능 점수,paper,paper: Sensory names / Trained panel,direct,2026-01-22
sensory,Aroma / Malt,A_malt_grain,Malt aroma - grain,맥아 aroma - 곡물,훈련 패널(7점 척도) Aroma 범주에서 'Malt aroma - grain' 강도를 정량화한 관능 점수,paper,paper: Sensory names / Trained panel,direct,2026-01-22
sensory,Aroma / Malt,A_malt_bread,Malt aroma - bread,맥아 aroma - 빵,훈련 패널(7점 척도) Aroma 범주에서 'Malt aroma - bread' 강도를 정량화한 관능 점수,paper,paper: Sensory names / Trained panel,direct,2026-01-22
sensory,Aroma / Malt,A_malt_cara,Malt aroma - caramel,맥아 aroma - 카라멜,훈련 패널(7점 척도) Aroma 범주에서 'Malt aroma - caramel' 강도를 정량화한 관능 점수,paper,paper: Sensory names / Trained panel,direct,2026-01-22
sensory,Aroma / Malt,A_malt_burn,Malt aroma - smoked,맥아 aroma - 훈연/탄내,훈련 패널(7점 척도) Aroma 범주에서 'Malt aroma - smoked' 강도를 정량화한 관능 점수,paper,paper: Sensory names / Trained panel,direct,2026-01-22
sensory,Aroma / Hops,A_hops_all,Hops aroma,홉 aroma,훈련 패널(7점 척도) Aroma 범주에서 'Hops aroma' 강도를 정량화한 관능 점수,paper,paper: Sensory names / Trained panel,direct,2026-01-22
sensory,Aroma / Hops,A_hops_citrus,Hops aroma - citrus,홉 aroma - 시트러스/감귤,훈련 패널(7점 척도) Aroma 범주에서 'Hops aroma - citrus' 강도를 정량화한 관능 점수,paper,paper: Sensory names / Trained panel,direct,2026-01-22
sensory,Aroma / Hops,A_hops_tropical,Hops aroma - tropical fruit,홉 aroma - 열대과일,훈련 패널(7점 척도) Aroma 범주에서 'Hops aroma - tropical fruit' 강도를 정량화한 관능 점수,paper,paper: Sensory names / Trained panel,direct,2026-01-22
sensory,Aroma / Hops,A_hops_noble,Hops aroma - grassy,홉 aroma - 풀/그라시,훈련 패널(7점 척도) Aroma 범주에서 'Hops aroma - grassy' 강도를 정량화한 관능 점수,paper,paper: Sensory names / Trained panel,direct,2026-01-22
sensory,Aroma / Hops,A_hops_woody,Hops aroma - woody,홉 aroma - 우디,훈련 패널(7점 척도) Aroma 범주에서 'Hops aroma - woody' 강도를 정량화한 관능 점수,paper,paper: Sensory names / Trained panel,direct,2026-01-22
sensory,Aroma / Yeast,A_esters_all,Esters aroma,에스터 aroma,훈련 패널(7점 척도) Aroma 범주에서 'Esters aroma' 강도를 정량화한 관능 점수,paper,paper: Sensory names / Trained panel,direct,2026-01-22
sensory,Aroma / Yeast,A_esters_ethac,Esters aroma - nail polish,에스터 aroma - 매니큐어/용제,훈련 패널(7점 척도) Aroma 범주에서 'Esters aroma - nail polish' 강도를 정량화한 관능 점수,paper,paper: Sensory names / Trained panel,direct,2026-01-22
sensory,Aroma / Yeast,A_esters_isoaa,Esters aroma - banana,에스터 aroma - 바나나,훈련 패널(7점 척도) Aroma 범주에서 'Esters aroma - banana' 강도를 정량화한 관능 점수,paper,paper: Sensory names / Trained panel,direct,2026-01-22
sensory,Aroma / Yeast,A_esters_flower,Esters aroma - floral,에스터 aroma - 꽃,훈련 패널(7점 척도) Aroma 범주에서 'Esters aroma - floral' 강도를 정량화한 관능 점수,paper,paper: Sensory names / Trained panel,direct,2026-01-22
sensory,Aroma / Yeast,A_esters_fruity,Esters aroma - fruity,에스터 aroma - 과일,훈련 패널(7점 척도) Aroma 범주에서 'Esters aroma - fruity' 강도를 정량화한 관능 점수,paper,paper: Sensory names / Trained panel,direct,2026-01-22
sensory,Taste / Malt,F_malt_all,Malt taste,맥아 taste,훈련 패널(7점 척도) Taste 범주에서 'Malt taste' 강도를 정량화한 관능 점수,paper,paper: Sensory names / Trained panel,direct,2026-01-22
sensory,Taste / Malt,F_malt_grain,Malt taste - grain,맥아 taste - 곡물,훈련 패널(7점 척도) Taste 범주에서 'Malt taste - grain' 강도를 정량화한 관능 점수,paper,paper: Sensory names / Trained panel,direct,2026-01-22
sensory,Taste / Malt,F_malt_bread,Malt taste - bread,맥아 taste - 빵,훈련 패널(7점 척도) Taste 범주에서 'Malt taste - bread' 강도를 정량화한 관능 점수,paper,paper: Sensory names / Trained panel,direct,2026-01-22
sensory,Taste / Malt,F_malt_cara,Malt taste - caramel,맥아 taste - 카라멜,훈련 패널(7점 척도) Taste 범주에서 'Malt taste - caramel' 강도를 정량화한 관능 점수,paper,paper: Sensory names / Trained panel,direct,2026-01-22
sensory,Taste / Malt,F_malt_burn,Malt taste - smoked,맥아 taste - 훈연/탄내,훈련 패널(7점 척도) Taste 범주에서 'Malt taste - smoked' 강도를 정량화한 관능 점수,paper,paper: Sensory names / Trained panel,direct,2026-01-22
sensory,Taste / Hops,F_hops_all,Hops taste,홉 taste,훈련 패널(7점 척도) Taste 범주에서 'Hops taste' 강도를 정량화한 관능 점수,paper,paper: Sensory names / Trained panel,direct,2026-01-22
sensory,Taste / Hops,F_hops_citrus,Hops taste - citrus,홉 taste - 시트러스/감귤,훈련 패널(7점 척도) Taste 범주에서 'Hops taste - citrus' 강도를 정량화한 관능 점수,paper,paper: Sensory names / Trained panel,direct,2026-01-22
sensory,Taste / Hops,F_hops_tropical,Hops taste - tropical fruit,홉 taste - 열대과일,훈련 패널(7점 척도) Taste 범주에서 'Hops taste - tropical fruit' 강도를 정량화한 관능 점수,paper,paper: Sensory names / Trained panel,direct,2026-01-22
sensory,Taste / Hops,F_hops_noble,Hops taste - grassy,홉 taste - 풀/그라시,훈련 패널(7점 척도) Taste 범주에서 'Hops taste - grassy' 강도를 정량화한 관능 점수,paper,paper: Sensory names / Trained panel,direct,2026-01-22
sensory,Taste / Hops,F_hops_woody,Hops taste - woody,홉 taste - 우디,훈련 패널(7점 척도) Taste 범주에서 'Hops taste - woody' 강도를 정량화한 관능 점수,paper,paper: Sensory names / Trained panel,direct,2026-01-22
sensory,Taste / Yeast,F_esters_all,Esters taste,에스터 taste,훈련 패널(7점 척도) Taste 범주에서 'Esters taste' 강도를 정량화한 관능 점수,paper,paper: Sensory names / Trained panel,direct,2026-01-22
sensory,Taste / Yeast,F_esters_ethac,Esters taste - nail polish,에스터 taste - 매니큐어/용제,훈련 패널(7점 척도) Taste 범주에서 'Esters taste - nail polish' 강도를 정량화한 관능 점수,paper,paper: Sensory names / Trained panel,direct,2026-01-22
sensory,Taste / Yeast,F_esters_isoaa,Esters taste - banana,에스터 taste - 바나나,훈련 패널(7점 척도) Taste 범주에서 'Esters taste - banana' 강도를 정량화한 관능 점수,paper,paper: Sensory names / Trained panel,direct,2026-01-22
sensory,Taste / Yeast,F_esters_flower,Esters taste - floral,에스터 taste - 꽃,훈련 패널(7점 척도) Taste 범주에서 'Esters taste - floral' 강도를 정량화한 관능 점수,paper,paper: Sensory names / Trained panel,direct,2026-01-22
sensory,Taste / Yeast,F_esters_fruity,Esters taste - fruity,에스터 taste - 과일,훈련 패널(7점 척도) Taste 범주에서 'Esters taste - fruity' 강도를 정량화한 관능 점수,paper,paper: Sensory names / Trained panel,direct,2026-01-22
sensory,Taste / Others,acidity,Acidity,산미,훈련 패널(7점 척도) Taste 범주에서 'Acidity' 강도를 정량화한 관능 점수,paper,paper: Sensory names / Trained panel,direct,2026-01-22
sensory,Taste / Others,bitternes,Bitterness,쓴맛,훈련 패널(7점 척도) Taste 범주에서 'Bitterness' 강도를 정량화한 관능 점수,paper,paper: Sensory names / Trained panel,direct,2026-01-22
sensory,Taste / Others,sweetness,Sweetness,단맛,훈련 패널(7점 척도) Taste 범주에서 'Sweetness' 강도를 정량화한 관능 점수,paper,paper: Sensory names / Trained panel,direct,2026-01-22
sensory,Taste / Others,X4vg,4-vinyl guaiacol,4-비닐 가이아콜(정향),훈련 패널(7점 척도) Taste 범주에서 '4-vinyl guaiacol' 강도를 정량화한 관능 점수,paper,paper: Sensory names / Trained panel,direct,2026-01-22
sensory,Taste / Others,diacetyl,Diacetyl,디아세틸(버터향),훈련 패널(7점 척도) Taste 범주에서 'Diacetyl' 강도를 정량화한 관능 점수,paper,paper: Sensory names / Trained panel,direct,2026-01-22
sensory,Taste / Others,dms,Dimethyl sulfide,DMS(옥수수/양배추),훈련 패널(7점 척도) Taste 범주에서 'Dimethyl sulfide' 강도를 정량화한 관능 점수,paper,paper: Sensory names / Trained panel,direct,2026-01-22
sensory,Taste / Others,metallic,Metallic,금속향,훈련 패널(7점 척도) Taste 범주에서 'Metallic' 강도를 정량화한 관능 점수,paper,paper: Sensory names / Trained panel,direct,2026-01-22
sensory,Taste / Others,stale_hops,Stale hops,묵은 홉/산화,훈련 패널(7점 척도) Taste 범주에서 'Stale hops' 강도를 정량화한 관능 점수,paper,paper: Sensory names / Trained panel,direct,2026-01-22
sensory,Taste / Others,t2n,Aging aroma - cardboard,Aging aroma - cardboard,훈련 패널(7점 척도) Taste 범주에서 'Aging aroma - cardboard' 강도를 정량화한 관능 점수,paper,paper: Sensory names / Trained panel,direct,2026-01-22
sensory,Taste / Others,orange,Hops taste - citrus,홉 taste - 시트러스/감귤,훈련 패널(7점 척도) Taste 범주에서 'Hops taste - citrus' 강도를 정량화한 관능 점수,paper,paper: Sensory names / Trained panel,direct,2026-01-22
sensory,Taste / Others,coriander,Coriander,고수(코리앤더),훈련 패널(7점 척도) Taste 범주에서 'Coriander' 강도를 정량화한 관능 점수,paper,paper: Sensory names / Trained panel,direct,2026-01-22
sensory,Taste / Others,clove,Clove,정향,훈련 패널(7점 척도) Taste 범주에서 'Clove' 강도를 정량화한 관능 점수,paper,paper: Sensory names / Trained panel,direct,2026-01-22
sensory,Taste / Wild flora,lactic,Lactic acid,젖산,훈련 패널(7점 척도) Taste 범주에서 'Lactic acid' 강도를 정량화한 관능 점수,paper,paper: Sensory names / Trained panel,direct,2026-01-22
sensory,Taste / Wild flora,acetic,Acetic acid,아세트산,훈련 패널(7점 척도) Taste 범주에서 'Acetic acid' 강도를 정량화한 관능 점수,paper,paper: Sensory names / Trained panel,direct,2026-01-22
sensory,Taste / Wild flora,barnyard,Barnyard,마구간/브렛(Brett),훈련 패널(7점 척도) Taste 범주에서 'Barnyard' 강도를 정량화한 관능 점수,paper,paper: Sensory names / Trained panel,direct,2026-01-22
sensory,Palate / Yeast,alcohol,Alcohol,알코올감,훈련 패널(7점 척도) Palate 범주에서 'Alcohol' 강도를 정량화한 관능 점수,paper,paper: Sensory names / Trained panel,direct,2026-01-22
sensory,Palate / nan,aftertaste,Aftertaste,여운,훈련 패널(7점 척도) Palate 범주에서 'Aftertaste' 강도를 정량화한 관능 점수,paper,paper: Sensory names / Trained panel,direct,2026-01-22
sensory,Palate / nan,body,Body fullness,바디감 fullness,훈련 패널(7점 척도) Palate 범주에서 'Body fullness' 강도를 정량화한 관능 점수,paper,paper: Sensory names / Trained panel,direct,2026-01-22
sensory,Palate / Yeast,co2,Carbonation,탄산감,훈련 패널(7점 척도) Palate 범주에서 'Carbonation' 강도를 정량화한 관능 점수,paper,paper: Sensory names / Trained panel,direct,2026-01-22
sensory,Overall / nan,overall,Overall appreciation,종합 기호도,훈련 패널(7점 척도) Overall 범주에서 'Overall appreciation' 강도를 정량화한 관능 점수,paper,paper: Sensory names / Trained panel,direct,2026-01-22
